year,n_ca_billionaires,avg_wealth_ca_b,total_wealth_ca_b,n_returns_ca,ca_agi_b,ca_inctax_residents_b,ca_inctax_passthrough_b,ca_inctax_partyear_nonres_b,ca_inctax_total_b,ca_inctax_fy_b,fy_to_cy_adjustment,n_returns_10m,ca_agi_10m_b,ca_taxable_10m_b,ca_tax_10m_b,ca_tax_rate_10m,pareto_b_10m_bracket,n_returns_5m,ca_agi_5m_b,ca_taxable_5m_b,ca_tax_5m_b,ca_tax_rate_5m,pareto_b_5m_bracket,proj_cutoff_top_pre_m,proj_agi_top_pre_b,proj_tax_top_pre_b,proj_cutoff_top_5m_m,proj_agi_top_5m_b,proj_agi_top_corr_b,proj_tax_top_corr_b,income_top_wealth_relative,correction_passthrough,ca_inctax_ca_billionaires_b,pct_ca_inctax_by_billionaires,ca_inctax_per_wealth,ca_inctax_public_assets_b,public_assets_share,ca_inctax_public_share_of_total
2018,160.0,NA,NA,17101753.0,1535.964835,87.168338,NA,5.100195970363935,92.26853397036395,101.0,-0.08645015870926787,NA,NA,NA,NA,NA,NA,9956.0,167.399024,155.383746,19.691999000000003,0.12673139570209616,3.362776697468863,89.23598897969752,44.69694627354258,5.257929229752584,91.08726196686365,49.00897951654574,41.00651508166005,4.823805029959641,0.5,0.9211796320310764,2.2217954712439387,0.024079665901677434,NA,NA,NA,NA
2019,168.0,4.888678934523809,821.298061,17530146.0,1601.9373110000001,90.071413,NA,5.270054106430086,95.34146710643009,101.9,-0.06436244252767342,NA,NA,NA,NA,NA,NA,10344.0,161.584683,150.43088300000002,19.111258000000003,0.12704344758782013,3.1242204756380514,80.66542097165525,39.41469410898178,4.661731385194665,82.33889057232483,43.21713444171952,36.505609791095516,4.317662504960031,0.5,0.9211796320310764,1.9886713787767283,0.020858409662993394,0.0024213759574147203,0.941043647854772,0.4905985282729165,0.4732021881029066
2020,175.0,5.527250862857143,967.2689009999999,18381490.0,1704.73763,103.75272000000001,NA,6.070543692806185,109.8232636928062,132.0,-0.16800557808480154,NA,NA,NA,NA,NA,NA,13365.0,223.46415800000003,210.468714,26.780077000000002,0.12724017974471968,3.3440203217358775,102.30793234010422,55.73603419761416,6.679439337590507,104.43039339734813,61.113037602330756,50.16470500696659,6.011767948794951,0.5,0.9211796320310764,2.768959093463576,0.025212864746114377,0.002862657003239657,0.7525892508509759,0.6298955537287557,0.2717950050715965
2021,195.0,6.2175886974358985,1212.4297960000001,17978841.0,2053.4737680000003,132.28591192647505,NA,7.740013064644256,140.0259249911193,160.4,-0.12702041776110162,8519.0,292.631052,272.347374,30.659720000000004,0.11257578712692123,3.4350399342645854,19461.0,368.07689700000003,345.343516,38.2732,0.11082646184676014,3.7827130877138897,145.48504843315533,97.45065548522965,10.2101598260789,147.77785401906726,109.00523838207869,82.65168190320759,9.769567192420537,0.5,0.9211796320310764,4.499763155708413,0.03213521464681484,0.003711359759182636,2.08945346443722,0.6548790392808854,0.46434743166127157
2022,175.0,4.814478245714286,842.533693,17475059.0,1898.496364,112.80175,NA,6.6,119.40174999999999,118.3,0.009313186813186825,5232.0,150.745126,140.415583,12.575861000000002,0.08956171908640655,2.881214181957186,13314.0,206.031821,193.442069,17.435423,0.09013252954816152,3.0949650142706924,91.93358326260012,46.35406018151043,3.8670717461757933,93.84082003168172,50.82595960899228,42.74354428092447,5.056655934420889,0.5,0.9211796320310764,2.3290442264887967,0.019505947161484627,0.0027643336353657217,0.761251688573012,0.4675821433291927,0.32685153846161785
2023,186.0,6.222910801075269,1157.461409,NA,1946.17,112.512,NA,6.583046805568175,119.09504680556817,134.0,-0.11123099398829717,4729.0,150.394,125.765,11.06,0.08794179620721186,3.180249524212307,12192.0,201.491,174.244,15.407,0.08842198296641492,3.3052985564304462,91.91502783986877,54.37016658136088,3.9983911751123804,92.45728019415853,56.84139814484617,50.13527647268789,5.324680382980695,0.5,0.9211796320310764,2.452493557938624,0.020592741879034718,0.0021188555738177735,0.6738822956495281,0.5806622015853315,0.2747743387411551
2024,196.0,8.008987290816327,1569.7615090000002,NA,NA,128.32684925185396,NA,7.508369374253821,135.83521862610777,150.79999999999998,-0.09923595075525338,NA,NA,NA,NA,NA,NA,NA,NA,NA,NA,NA,NA,NA,NA,NA,NA,NA,NA,NA,NA,NA,3.0452997352492353,0.0237308073330199,0.0019399760522789294,1.1600375474856,0.6449231072336096,0.3809272151631601
2025,239.0,8.597568912133891,2054.81897,NA,NA,135.2197370432334,NA,7.911670381756846,143.13140742499024,158.9,-0.09923595075525338,NA,NA,NA,NA,NA,NA,NA,NA,NA,NA,NA,NA,NA,NA,NA,NA,NA,NA,NA,NA,NA,4.345315274370165,0.03213521464681484,0.002114694938002332,1.212250436943392,0.6517830181410094,0.27897870704424377
2026,NA,NA,NA,NA,NA,NA,NA,NA,NA,163.8,0.0,NA,NA,NA,NA,NA,NA,NA,NA,NA,NA,NA,NA,NA,NA,NA,NA,NA,NA,NA,NA,NA,NA,NA,NA,NA,NA,NA
