year,ca_agi_ca_billionaires_b,ca_inctax_ca_billionaires_b,fed_inctax_ca_billionaires_b,fed_to_ca_inctax_ratio,public_assets_share,sales_gross_up_public,ca_inctax_public_b,fed_inctax_public_b,corp_tax_public_b,property_tax_public_b,sales_tax_public_b,total_tax_public_b,public_wealth_b,total_tax_per_public_wealth,ca_inctax_per_public_wealth,fed_inctax_per_public_wealth,corp_per_public_wealth,prop_sales_per_public_wealth,check_decomp_public_wealth,public_econ_income_b,total_tax_per_econ_income,ca_inctax_per_econ_income,fed_inctax_per_econ_income,corp_per_econ_income,prop_sales_per_econ_income,check_decomp_econ_income,private_share,passthrough_share,private_c_share,test_share_sum,corp_tax_private_c_b,corp_tax_diversified_b,property_tax_private_b,total_corp_property_b,total_sales_tax_b,total_inctax_b,total_taxes_b,total_per_total_wealth,ca_inctax_per_total_wealth,fed_inctax_per_total_wealth,corp_per_total_wealth,prop_sales_per_total_wealth,check_total_decomp
2018,20.503257540830024,2.2217954712439387,4.328875515190078,1.9483681424404145,NA,NA,NA,NA,NA,NA,NA,NA,NA,NA,NA,NA,NA,NA,NA,NA,NA,NA,NA,NA,NA,NA,NA,NA,NA,NA,NA,NA,NA,NA,0.13240158253782752,6.550670986434017,NA,NA,NA,NA,NA,NA,NA
2019,18.252804895547758,1.9886713787767283,3.85572134209325,1.9388428793423786,0.4905985282729165,0.046606860185927065,0.941043647854772,1.8767501145304721,3.1721769959255623,0.29812668576264284,0.07403135390602134,6.362128797979469,402.92762,0.015789755981432767,0.002335515365898153,0.004657784727019885,0.007872820919860402,0.000923634968654331,-3.469446951953614e-18,22.253690669170872,0.28589095141837473,0.04228708225725659,0.08433433098494651,0.14254610810781757,0.016723430068354143,-5.551115123125783e-17,0.4627946115411564,0.20593253049439017,0.2568620810467662,1.0,1.6608528922631522,0.3489394695518119,0.18888376552398078,5.783263813108227,0.11767816426186258,5.844392720869978,11.745334698240068,0.014300940494050514,0.0024213759574147203,0.004694667533244366,0.006309486901053973,0.0007362596410032024,0.0001391504613342514
2020,25.082352503483296,2.768959093463576,5.483898598359183,1.9804910124185335,0.6298955537287557,0.059840077604231795,0.7525892508509759,1.5648741188575759,2.5841178350033536,0.2872722056898847,0.06718676650877173,5.256040176910561,609.27838,0.008626664509104298,0.001235214108288195,0.002568405789907687,0.004241276106011432,0.0005817685048969839,0.0,20.754453727511372,0.253248784377463,0.036261578393333965,0.07539943664155487,0.12450907496437442,0.017078694378199803,-5.551115123125783e-17,0.31026436866701246,0.13806022146426872,0.17220414720274377,1.0,0.7064596748047156,0.2842529618503689,0.11013592355643415,4.0297401457523465,0.15838360028684573,8.252857691822758,12.44098143786195,0.0128619677785567,0.002862657003239657,0.005669466466553114,0.003695798001944072,0.0005745989858234516,5.9447320996407205e-05
2021,41.325840951603794,4.499763155708413,8.795605791357577,1.9546819436928464,0.6548790392808854,0.06221350873168412,2.08945346443722,4.38822070736772,4.6211628776113205,0.3097614318272546,0.1973150465159259,11.605913527759435,793.99486,0.014617114181015524,0.002631570517266598,0.005526762109477283,0.0058201420568532655,0.0006386394974183844,-6.938893903907228e-18,46.987606579170375,0.24699946161770114,0.044468182496519744,0.09339102429007355,0.0983485479266757,0.010791706904432279,-1.3877787807814457e-16,0.28290745198743045,0.1258870480135456,0.15702040397388484,0.9999999999999999,1.1080166234491802,0.5083279165372453,0.10834528284169946,6.709993378501036,0.2654851764995528,13.29536894706599,20.27084750206658,0.016719192788682155,0.003711359759182636,0.007254527907822529,0.005144633889876578,0.0005638197720179641,4.4851459782446756e-05
2022,21.371772140462234,2.3290442264887967,4.6169567278254044,1.982339654745759,0.4675821433291927,0.044420303616273304,0.761251688573012,1.700890306920712,2.93629563799003,0.2984234651927377,0.06185829663039413,5.758719395306881,393.95371,0.014617756475264266,0.001932337909885433,0.0043174877244352185,0.007453402680203291,0.0009145281607403364,-1.214306433183765e-17,21.082063217207647,0.27315729660683713,0.036108974758773206,0.08067949941125344,0.1392793299089133,0.017089492527897456,-2.220446049250313e-16,0.487997553054534,0.21714723652665868,0.27085031652787533,1.0,1.7008703482697054,0.3229925201789033,0.2056905178290492,5.5908379603246985,0.1362424222654871,6.946000954314201,12.673081336904385,0.015041631500551024,0.0027643336353657217,0.005479848184332973,0.005887193055481331,0.000760036554748528,0.00015022007062247093
2023,25.067638236343946,2.452493557938624,4.861675232910249,1.982339654745759,0.5806622015853315,0.055162909150606496,0.6738822956495281,1.7044173715073279,3.81569741009071,0.31335787003855087,0.06570984451084716,6.57306479179696,672.0940899999999,0.009779977074038786,0.0010026606477815153,0.0025359802992871547,0.005677326235811284,0.0005640098911588377,-5.204170427930421e-18,31.095829226038994,0.21138091362724662,0.021671147302456666,0.05481176781354602,0.12270769119401792,0.012190307317226154,-1.3877787807814457e-16,0.36417488926406194,0.16204911340458258,0.20212577585947936,1.0,1.3282262860470542,0.4197267151099781,0.1435477634892016,6.10041977484951,0.17229839829613627,7.314168790848873,13.58688696399452,0.011738522648226382,0.0021188555738177735,0.004200291426658052,0.004806769684057555,0.0005436069202233668,6.899904346963429e-05
2024,31.12687975768876,3.0452997352492353,5.956303817091566,1.9559006780671089,0.6449231072336096,0.06126769518719291,1.1600375474856,2.2610701978994,5.8251069212603195,0.3008718780737888,0.110229080904225,9.657315625623326,1012.3754699999998,0.009539262765447417,0.0011458570282087141,0.002233430446412733,0.005753899708040457,0.00040607558278551916,-6.938893903907228e-18,45.240593668546666,0.21346571392005262,0.025641519118528085,0.04997879149122218,0.128758410288285,0.009086993022017525,-1.6653345369377348e-16,0.29380919757919755,0.13073806399457116,0.16307113358462638,1.0,1.4728992933377558,0.6407617613386352,0.109172446056032,8.404513120177663,0.21515334398888655,9.001603552340802,17.621270016507353,0.011225444066170787,0.0019399760522789294,0.003794400476086311,0.00505730834296862,0.00039827557532416685,3.548361951276162e-05
2025,44.41471047627394,4.345315274370165,8.49900509155597,1.9559006780671089,0.6517830181410094,0.06191938672339589,1.212250436943392,2.4127977457529117,8.489741668389742,0.35213705316250055,0.11877586509335539,12.585702769341912,1339.29611,0.009397251791720587,0.0009051399671006227,0.0018015416663555543,0.006338957908561193,0.0003516122497032086,8.673617379884035e-18,58.09051608652283,0.21665675599432024,0.020868302067377182,0.04153514047214133,0.14614677645047444,0.008106537004327098,1.942890293094024e-16,0.2862975951355947,0.12739558061057565,0.1589020145250191,1.0,2.069764041646557,0.9338715835228717,0.12458463863031548,12.032955301985327,0.30700068736918973,12.844320365926135,25.18427635528065,0.012256201992957391,0.002114694938002332,0.004136133263143844,0.005593377062096702,0.0003814070195984252,3.058971011608673e-05
2026,NA,NA,NA,NA,NA,NA,NA,NA,NA,NA,NA,NA,NA,NA,NA,NA,NA,NA,NA,NA,NA,NA,NA,NA,NA,NA,NA,NA,NA,NA,NA,NA,NA,NA,NA,NA,NA,NA,NA,NA,NA,NA,NA
