year,value,series
2019,1.9886713787767283,All CA billionaires
2020,2.768959093463576,All CA billionaires
2021,4.499763155708413,All CA billionaires
2022,2.3290442264887967,All CA billionaires
2023,2.452493557938624,All CA billionaires
2024,3.0452997352492353,All CA billionaires
2025,4.345315274370165,All CA billionaires
2019,0.03259,Top 5 (SEC filings)
2020,0.05518,Top 5 (SEC filings)
2021,0.7656000000000001,Top 5 (SEC filings)
2022,0.26721,Top 5 (SEC filings)
2023,0.03911,Top 5 (SEC filings)
2024,0.35791,Top 5 (SEC filings)
2025,0.35869,Top 5 (SEC filings)
