rate,revenue,series
0.0,0.0,Mechanical (no behavior)
0.001,2.0,Mechanical (no behavior)
0.002,4.0,Mechanical (no behavior)
0.003,6.0,Mechanical (no behavior)
0.004,8.0,Mechanical (no behavior)
0.005,10.0,Mechanical (no behavior)
0.006,12.0,Mechanical (no behavior)
0.007,14.0,Mechanical (no behavior)
0.008,16.0,Mechanical (no behavior)
0.009000000000000001,18.000000000000004,Mechanical (no behavior)
0.01,20.0,Mechanical (no behavior)
0.011,22.0,Mechanical (no behavior)
0.012,24.0,Mechanical (no behavior)
0.013000000000000001,26.000000000000004,Mechanical (no behavior)
0.014,28.0,Mechanical (no behavior)
0.015,30.0,Mechanical (no behavior)
0.016,32.0,Mechanical (no behavior)
0.017,34.0,Mechanical (no behavior)
0.018000000000000002,36.00000000000001,Mechanical (no behavior)
0.019,38.0,Mechanical (no behavior)
0.02,40.0,Mechanical (no behavior)
0.021,42.0,Mechanical (no behavior)
0.022,44.0,Mechanical (no behavior)
0.023,46.0,Mechanical (no behavior)
0.024,48.0,Mechanical (no behavior)
0.025,50.0,Mechanical (no behavior)
0.026000000000000002,52.00000000000001,Mechanical (no behavior)
0.027,54.0,Mechanical (no behavior)
0.028,56.0,Mechanical (no behavior)
0.029,58.0,Mechanical (no behavior)
0.03,60.0,Mechanical (no behavior)
0.031,62.0,Mechanical (no behavior)
0.032,64.0,Mechanical (no behavior)
0.033,66.0,Mechanical (no behavior)
0.034,68.0,Mechanical (no behavior)
0.035,70.0,Mechanical (no behavior)
0.036000000000000004,72.00000000000001,Mechanical (no behavior)
0.037,74.0,Mechanical (no behavior)
0.038,76.0,Mechanical (no behavior)
0.039,78.0,Mechanical (no behavior)
0.04,80.0,Mechanical (no behavior)
0.041,82.0,Mechanical (no behavior)
0.042,84.0,Mechanical (no behavior)
0.043000000000000003,86.0,Mechanical (no behavior)
0.044,88.0,Mechanical (no behavior)
0.045,90.0,Mechanical (no behavior)
0.046,92.0,Mechanical (no behavior)
0.047,94.0,Mechanical (no behavior)
0.048,96.0,Mechanical (no behavior)
0.049,98.0,Mechanical (no behavior)
0.05,100.0,Mechanical (no behavior)
0.051000000000000004,102.00000000000001,Mechanical (no behavior)
0.052000000000000005,104.00000000000001,Mechanical (no behavior)
0.053,106.0,Mechanical (no behavior)
0.054,108.0,Mechanical (no behavior)
0.055,110.0,Mechanical (no behavior)
0.056,112.0,Mechanical (no behavior)
0.057,114.0,Mechanical (no behavior)
0.058,116.0,Mechanical (no behavior)
0.059000000000000004,118.00000000000001,Mechanical (no behavior)
0.06,120.0,Mechanical (no behavior)
0.061,122.0,Mechanical (no behavior)
0.062,124.0,Mechanical (no behavior)
0.063,126.0,Mechanical (no behavior)
0.064,128.0,Mechanical (no behavior)
0.065,130.0,Mechanical (no behavior)
0.066,132.0,Mechanical (no behavior)
0.067,134.0,Mechanical (no behavior)
0.068,136.0,Mechanical (no behavior)
0.069,138.0,Mechanical (no behavior)
0.07,140.0,Mechanical (no behavior)
0.07100000000000001,142.00000000000003,Mechanical (no behavior)
0.07200000000000001,144.00000000000003,Mechanical (no behavior)
0.073,146.0,Mechanical (no behavior)
0.074,148.0,Mechanical (no behavior)
0.075,150.0,Mechanical (no behavior)
0.076,152.0,Mechanical (no behavior)
0.077,154.0,Mechanical (no behavior)
0.078,156.0,Mechanical (no behavior)
0.079,158.0,Mechanical (no behavior)
0.08,160.0,Mechanical (no behavior)
0.081,162.0,Mechanical (no behavior)
0.082,164.0,Mechanical (no behavior)
0.083,166.0,Mechanical (no behavior)
0.084,168.0,Mechanical (no behavior)
0.085,170.0,Mechanical (no behavior)
0.08600000000000001,172.0,Mechanical (no behavior)
0.08700000000000001,174.00000000000003,Mechanical (no behavior)
0.088,176.0,Mechanical (no behavior)
0.089,178.0,Mechanical (no behavior)
0.09,180.0,Mechanical (no behavior)
0.091,182.0,Mechanical (no behavior)
0.092,184.0,Mechanical (no behavior)
0.093,186.0,Mechanical (no behavior)
0.094,188.0,Mechanical (no behavior)
0.095,190.0,Mechanical (no behavior)
0.096,192.0,Mechanical (no behavior)
0.097,194.0,Mechanical (no behavior)
0.098,196.0,Mechanical (no behavior)
0.099,198.0,Mechanical (no behavior)
0.1,200.0,Mechanical (no behavior)
0.101,202.0,Mechanical (no behavior)
0.10200000000000001,204.00000000000003,Mechanical (no behavior)
0.10300000000000001,206.00000000000003,Mechanical (no behavior)
0.10400000000000001,208.00000000000003,Mechanical (no behavior)
0.105,210.0,Mechanical (no behavior)
0.106,212.0,Mechanical (no behavior)
0.107,214.0,Mechanical (no behavior)
0.108,216.0,Mechanical (no behavior)
0.109,218.0,Mechanical (no behavior)
0.11,220.0,Mechanical (no behavior)
0.111,222.0,Mechanical (no behavior)
0.112,224.0,Mechanical (no behavior)
0.113,226.0,Mechanical (no behavior)
0.114,228.0,Mechanical (no behavior)
0.115,230.0,Mechanical (no behavior)
0.116,232.0,Mechanical (no behavior)
0.117,234.0,Mechanical (no behavior)
0.11800000000000001,236.00000000000003,Mechanical (no behavior)
0.11900000000000001,238.00000000000003,Mechanical (no behavior)
0.12,240.0,Mechanical (no behavior)
0.121,242.0,Mechanical (no behavior)
0.122,244.0,Mechanical (no behavior)
0.123,246.0,Mechanical (no behavior)
0.124,248.0,Mechanical (no behavior)
0.125,250.0,Mechanical (no behavior)
0.126,252.0,Mechanical (no behavior)
0.127,254.0,Mechanical (no behavior)
0.128,256.0,Mechanical (no behavior)
0.129,258.0,Mechanical (no behavior)
0.13,260.0,Mechanical (no behavior)
0.131,262.0,Mechanical (no behavior)
0.132,264.0,Mechanical (no behavior)
0.133,266.0,Mechanical (no behavior)
0.134,268.0,Mechanical (no behavior)
0.135,270.0,Mechanical (no behavior)
0.136,272.0,Mechanical (no behavior)
0.137,274.0,Mechanical (no behavior)
0.138,276.0,Mechanical (no behavior)
0.139,278.0,Mechanical (no behavior)
0.14,280.0,Mechanical (no behavior)
0.14100000000000001,282.0,Mechanical (no behavior)
0.14200000000000002,284.00000000000006,Mechanical (no behavior)
0.14300000000000002,286.00000000000006,Mechanical (no behavior)
0.14400000000000002,288.00000000000006,Mechanical (no behavior)
0.145,290.0,Mechanical (no behavior)
0.146,292.0,Mechanical (no behavior)
0.147,294.0,Mechanical (no behavior)
0.148,296.0,Mechanical (no behavior)
0.149,298.0,Mechanical (no behavior)
0.15,300.0,Mechanical (no behavior)
0.151,302.0,Mechanical (no behavior)
0.152,304.0,Mechanical (no behavior)
0.153,306.0,Mechanical (no behavior)
0.154,308.0,Mechanical (no behavior)
0.155,310.0,Mechanical (no behavior)
0.156,312.0,Mechanical (no behavior)
0.157,314.0,Mechanical (no behavior)
0.158,316.0,Mechanical (no behavior)
0.159,318.0,Mechanical (no behavior)
0.16,320.0,Mechanical (no behavior)
0.161,322.0,Mechanical (no behavior)
0.162,324.0,Mechanical (no behavior)
0.163,326.0,Mechanical (no behavior)
0.164,328.0,Mechanical (no behavior)
0.165,330.0,Mechanical (no behavior)
0.166,332.0,Mechanical (no behavior)
0.167,334.0,Mechanical (no behavior)
0.168,336.0,Mechanical (no behavior)
0.169,338.0,Mechanical (no behavior)
0.17,340.0,Mechanical (no behavior)
0.171,342.0,Mechanical (no behavior)
0.17200000000000001,344.0,Mechanical (no behavior)
0.17300000000000001,346.00000000000006,Mechanical (no behavior)
0.17400000000000002,348.00000000000006,Mechanical (no behavior)
0.17500000000000002,350.00000000000006,Mechanical (no behavior)
0.176,352.0,Mechanical (no behavior)
0.177,354.0,Mechanical (no behavior)
0.178,356.0,Mechanical (no behavior)
0.179,358.0,Mechanical (no behavior)
0.18,360.0,Mechanical (no behavior)
0.181,362.0,Mechanical (no behavior)
0.182,364.0,Mechanical (no behavior)
0.183,366.0,Mechanical (no behavior)
0.184,368.0,Mechanical (no behavior)
0.185,370.0,Mechanical (no behavior)
0.186,372.0,Mechanical (no behavior)
0.187,374.0,Mechanical (no behavior)
0.188,376.0,Mechanical (no behavior)
0.189,378.0,Mechanical (no behavior)
0.19,380.0,Mechanical (no behavior)
0.191,382.0,Mechanical (no behavior)
0.192,384.0,Mechanical (no behavior)
0.193,386.0,Mechanical (no behavior)
0.194,388.0,Mechanical (no behavior)
0.195,390.0,Mechanical (no behavior)
0.196,392.0,Mechanical (no behavior)
0.197,394.0,Mechanical (no behavior)
0.198,396.0,Mechanical (no behavior)
0.199,398.0,Mechanical (no behavior)
0.2,400.0,Mechanical (no behavior)
0.0,0.0,Short-run (with mobility)
0.001,2.020100334168336,Short-run (with mobility)
0.002,4.0,Short-run (with mobility)
0.003,5.940299002495009,Short-run (with mobility)
0.004,7.841589386454042,Short-run (with mobility)
0.005,9.70445533548508,Short-run (with mobility)
0.006,11.529473269827879,Short-run (with mobility)
0.007,13.317211943009996,Short-run (with mobility)
0.008,15.06823253734798,Short-run (with mobility)
0.009000000000000001,16.78308875830707,Short-run (with mobility)
0.01,18.462326927732715,Short-run (with mobility)
0.011,20.10648607596702,Short-run (with mobility)
0.012,21.71609803286303,Short-run (with mobility)
0.013000000000000001,23.291687517709736,Short-run (with mobility)
0.014,24.83377222808041,Short-run (with mobility)
0.015,26.34286292761684,Short-run (with mobility)
0.016,27.819463532761787,Short-run (with mobility)
0.017,29.26407119845197,Short-run (with mobility)
0.018000000000000002,30.677176402783612,Short-run (with mobility)
0.019,32.05926303066258,Short-run (with mobility)
0.02,33.41080845645088,Short-run (with mobility)
0.021,34.73228362562122,Short-run (with mobility)
0.022,36.024153135431206,Short-run (with mobility)
0.023,37.28687531462861,Short-run (with mobility)
0.024,38.52090230219897,Short-run (with mobility)
0.025,39.7266801251667,Short-run (with mobility)
0.026000000000000002,40.904648775460785,Short-run (with mobility)
0.027,42.05524228585586,Short-run (with mobility)
0.028,43.17888880499971,Short-run (with mobility)
0.029,44.276010671537485,Short-run (with mobility)
0.03,45.347024487343525,Short-run (with mobility)
0.031,46.39234118987105,Short-run (with mobility)
0.032,47.412366123629944,Short-run (with mobility)
0.033,48.407499110803094,Short-run (with mobility)
0.034,49.378134521010985,Short-run (with mobility)
0.035,50.32466134023483,Short-run (with mobility)
0.036000000000000004,51.247463238907905,Short-run (with mobility)
0.037,52.14691863918479,Short-run (with mobility)
0.038,53.02340078139835,Short-run (with mobility)
0.039,53.877277789713666,Short-run (with mobility)
0.04,54.70891273698847,Short-run (with mobility)
0.041,55.51866370884951,Short-run (with mobility)
0.042,56.3068838669937,Short-run (with mobility)
0.043000000000000003,57.073921511723476,Short-run (with mobility)
0.044,57.820120143725006,Short-run (with mobility)
0.045,58.54581852509849,Short-run (with mobility)
0.046,59.251350739649006,Short-run (with mobility)
0.047,59.93704625244669,Short-run (with mobility)
0.048,60.60322996866489,Short-run (with mobility)
0.049,61.25022229170468,Short-run (with mobility)
0.05,61.878339180614084,Short-run (with mobility)
0.051000000000000004,62.48789220681044,Short-run (with mobility)
0.052000000000000005,63.07918861011388,Short-run (with mobility)
0.053,63.652531354100184,Short-run (with mobility)
0.054,64.20821918078099,Short-run (with mobility)
0.055,64.74654666461906,Short-run (with mobility)
0.056,65.26780426588684,Short-run (with mobility)
0.057,65.77227838337548,Short-run (with mobility)
0.058,66.26025140646253,Short-run (with mobility)
0.059000000000000004,66.73200176654538,Short-run (with mobility)
0.06,67.18780398784824,Short-run (with mobility)
0.061,67.62792873760986,Short-run (with mobility)
0.062,68.05264287565927,Short-run (with mobility)
0.063,68.46220950338697,Short-run (with mobility)
0.064,68.85688801211833,Short-run (with mobility)
0.065,69.23693413089664,Short-run (with mobility)
0.066,69.6025999736824,Short-run (with mobility)
0.067,69.95413408597616,Short-run (with mobility)
0.068,70.29178149087109,Short-run (with mobility)
0.069,70.61578373454286,Short-run (with mobility)
0.07,70.92637893118254,Short-run (with mobility)
0.07100000000000001,71.22380180737987,Short-run (with mobility)
0.07200000000000001,71.50828374596297,Short-run (with mobility)
0.073,71.7800528293009,Short-run (with mobility)
0.074,72.03933388207581,Short-run (with mobility)
0.075,72.28634851353037,Short-run (with mobility)
0.076,72.52131515919721,Short-run (with mobility)
0.077,72.74444912211627,Short-run (with mobility)
0.078,72.95596261354584,Short-run (with mobility)
0.079,73.15606479317404,Short-run (with mobility)
0.08,73.34496180883576,Short-run (with mobility)
0.081,73.52285683574165,Short-run (with mobility)
0.082,73.68995011522433,Short-run (with mobility)
0.083,73.84643899300822,Short-run (with mobility)
0.084,73.99251795700788,Short-run (with mobility)
0.085,74.12837867466105,Short-run (with mobility)
0.08600000000000001,74.25421002980171,Short-run (with mobility)
0.08700000000000001,74.37019815907844,Short-run (with mobility)
0.088,74.47652648792379,Short-run (with mobility)
0.089,74.57337576607975,Short-run (with mobility)
0.09,74.66092410268466,Short-run (with mobility)
0.091,74.73934700092688,Short-run (with mobility)
0.092,74.80881739227024,Short-run (with mobility)
0.093,74.8695056702563,Short-run (with mobility)
0.094,74.92157972388867,Short-run (with mobility)
0.095,74.96520497060422,Short-run (with mobility)
0.096,75.00054438883606,Short-run (with mobility)
0.097,75.02775855017325,Short-run (with mobility)
0.098,75.04700565112196,Short-run (with mobility)
0.099,75.05844154447297,Short-run (with mobility)
0.1,75.06221977027991,Short-run (with mobility)
0.101,75.05849158645324,Short-run (with mobility)
0.10200000000000001,75.04740599897424,Short-run (with mobility)
0.10300000000000001,75.02910979173382,Short-run (with mobility)
0.10400000000000001,75.00374755600029,Short-run (with mobility)
0.105,74.97146171952095,Short-run (with mobility)
0.106,74.93239257526139,Short-run (with mobility)
0.107,74.88667830978723,Short-run (with mobility)
0.108,74.83445503129239,Short-run (with mobility)
0.109,74.77585679727804,Short-run (with mobility)
0.11,74.7110156418866,Short-run (with mobility)
0.111,74.6400616028948,Short-run (with mobility)
0.112,74.56312274836982,Short-run (with mobility)
0.113,74.48032520299273,Short-run (with mobility)
0.114,74.391793174053,Short-run (with mobility)
0.115,74.29764897711816,Short-run (with mobility)
0.116,74.1980130613825,Short-run (with mobility)
0.117,74.09300403469844,Short-run (with mobility)
0.11800000000000001,73.98273868829484,Short-run (with mobility)
0.11900000000000001,73.86733202118543,Short-run (with mobility)
0.12,73.7468972642715,Short-run (with mobility)
0.121,73.62154590414238,Short-run (with mobility)
0.122,73.49138770657733,Short-run (with mobility)
0.123,73.35653073975229,Short-run (with mobility)
0.124,73.21708139715552,Short-run (with mobility)
0.125,73.07314442021486,Short-run (with mobility)
0.126,72.92482292064075,Short-run (with mobility)
0.127,72.77221840248828,Short-run (with mobility)
0.128,72.61543078394122,Short-run (with mobility)
0.129,72.45455841882199,Short-run (with mobility)
0.13,72.28969811783047,Short-run (with mobility)
0.131,72.12094516951511,Short-run (with mobility)
0.132,71.94839336097932,Short-run (with mobility)
0.133,71.7721349983267,Short-run (with mobility)
0.134,71.59226092684789,Short-run (with mobility)
0.135,71.40886055095247,Short-run (with mobility)
0.136,71.22202185384867,Short-run (with mobility)
0.137,71.03183141697428,Short-run (with mobility)
0.138,70.83837443918142,Short-run (with mobility)
0.139,70.64173475567848,Short-run (with mobility)
0.14,70.44199485673182,Short-run (with mobility)
0.14100000000000001,70.23923590613043,Short-run (with mobility)
0.14200000000000002,70.03353775941623,Short-run (with mobility)
0.14300000000000002,69.824978981883,Short-run (with mobility)
0.14400000000000002,69.6136368663465,Short-run (with mobility)
0.145,69.39958745068881,Short-run (with mobility)
0.146,69.18290553517956,Short-run (with mobility)
0.147,68.9636646995765,Short-run (with mobility)
0.148,68.74193732000862,Short-run (with mobility)
0.149,68.5177945856437,Short-run (with mobility)
0.15,68.29130651514382,Short-run (with mobility)
0.151,68.0625419729105,Short-run (with mobility)
0.152,67.83156868512266,Short-run (with mobility)
0.153,67.59845325556972,Short-run (with mobility)
0.154,67.36326118128214,Short-run (with mobility)
0.155,67.12605686796219,Short-run (with mobility)
0.156,66.88690364521712,Short-run (with mobility)
0.157,66.64586378159731,Short-run (with mobility)
0.158,66.40299849944165,Short-run (with mobility)
0.159,66.15836798953251,Short-run (with mobility)
0.16,65.9120314255627,Short-run (with mobility)
0.161,65.66404697841672,Short-run (with mobility)
0.162,65.41447183026835,Short-run (with mobility)
0.163,65.1633621884971,Short-run (with mobility)
0.164,64.9107732994256,Short-run (with mobility)
0.165,64.65675946188009,Short-run (with mobility)
0.166,64.4013740405761,Short-run (with mobility)
0.167,64.14466947933187,Short-run (with mobility)
0.168,63.88669731411089,Short-run (with mobility)
0.169,63.6275081858964,Short-run (with mobility)
0.17,63.367151853399385,Short-run (with mobility)
0.171,63.105677205602326,Short-run (with mobility)
0.17200000000000001,62.843132274140714,Short-run (with mobility)
0.17300000000000001,62.57956424552424,Short-run (with mobility)
0.17400000000000002,62.31501947319964,Short-run (with mobility)
0.17500000000000002,62.04954348945723,Short-run (with mobility)
0.176,61.78318101718291,Short-run (with mobility)
0.177,61.51597598145757,Short-run (with mobility)
0.178,61.247971521006,Short-run (with mobility)
0.179,60.97920999949657,Short-run (with mobility)
0.18,60.7097330166944,Short-run (with mobility)
0.181,60.43958141946873,Short-run (with mobility)
0.182,60.16879531265751,Short-run (with mobility)
0.183,59.897414069789676,Short-run (with mobility)
0.184,59.62547634366813,Short-run (with mobility)
0.185,59.35302007681391,Short-run (with mobility)
0.186,59.0800825117745,Short-run (with mobility)
0.187,58.80670020129672,Short-run (with mobility)
0.188,58.53290901836699,Short-run (with mobility)
0.189,58.258744166119676,Short-run (with mobility)
0.19,57.98424018761588,Short-run (with mobility)
0.191,57.70943097549367,Short-run (with mobility)
0.192,57.43434978149186,Short-run (with mobility)
0.193,57.159029225848506,Short-run (with mobility)
0.194,56.88350130657586,Short-run (with mobility)
0.195,56.607797408613244,Short-run (with mobility)
0.196,56.331948312859545,Short-run (with mobility)
0.197,56.05598420508634,Short-run (with mobility)
0.198,55.779934684733824,Short-run (with mobility)
0.199,55.50382877359027,Short-run (with mobility)
0.2,55.22769492435713,Short-run (with mobility)
0.0,0.0,Long-run (mobility + deconcentration)
0.001,2.0506764526375667,Long-run (mobility + deconcentration)
0.002,4.0,Long-run (mobility + deconcentration)
0.003,5.8516394742185,Long-run (mobility + deconcentration)
0.004,7.60914840420617,Long-run (mobility + deconcentration)
0.005,9.275968334644201,Long-run (mobility + deconcentration)
0.006,10.855432055339566,Long-run (mobility + deconcentration)
0.007,12.350766743254674,Long-run (mobility + deconcentration)
0.008,13.765097019452817,Long-run (mobility + deconcentration)
0.009000000000000001,15.101447923147987,Long-run (mobility + deconcentration)
0.01,16.362747804993834,Long-run (mobility + deconcentration)
0.011,17.551831141693807,Long-run (mobility + deconcentration)
0.012,18.671441273963122,Long-run (mobility + deconcentration)
0.013000000000000001,19.724233069823157,Long-run (mobility + deconcentration)
0.014,20.71277551515974,Long-run (mobility + deconcentration)
0.015,21.639554233429166,Long-run (mobility + deconcentration)
0.016,22.50697393634887,Long-run (mobility + deconcentration)
0.017,23.317360807364448,Long-run (mobility + deconcentration)
0.018000000000000002,24.0729648196399,Long-run (mobility + deconcentration)
0.019,24.775961990274887,Long-run (mobility + deconcentration)
0.02,25.428456572410166,Long-run (mobility + deconcentration)
0.021,26.03248318684112,Long-run (mobility + deconcentration)
0.022,26.590008894718988,Long-run (mobility + deconcentration)
0.023,27.102935212879906,Long-run (mobility + deconcentration)
0.024,27.57310007330344,Long-run (mobility + deconcentration)
0.025,28.002279728164716,Long-run (mobility + deconcentration)
0.026000000000000002,28.392190601907835,Long-run (mobility + deconcentration)
0.027,28.744491091732094,Long-run (mobility + deconcentration)
0.028,29.060783317848227,Long-run (mobility + deconcentration)
0.029,29.342614824827088,Long-run (mobility + deconcentration)
0.03,29.591480235330764,Long-run (mobility + deconcentration)
0.031,29.808822857483083,Long-run (mobility + deconcentration)
0.032,29.99603624710503,Long-run (mobility + deconcentration)
0.033,30.15446572600988,Long-run (mobility + deconcentration)
0.034,30.285409857522346,Long-run (mobility + deconcentration)
0.035,30.390121880357047,Long-run (mobility + deconcentration)
0.036000000000000004,30.46981110196258,Long-run (mobility + deconcentration)
0.037,30.52564425240969,Long-run (mobility + deconcentration)
0.038,30.5587467998746,Long-run (mobility + deconcentration)
0.039,30.570204228741954,Long-run (mobility + deconcentration)
0.04,30.56106328132581,Long-run (mobility + deconcentration)
0.041,30.53233316418186,Long-run (mobility + deconcentration)
0.042,30.48498671995898,Long-run (mobility + deconcentration)
0.043000000000000003,30.4199615657145,Long-run (mobility + deconcentration)
0.044,30.338161198593635,Long-run (mobility + deconcentration)
0.045,30.2404560697508,Long-run (mobility + deconcentration)
0.046,30.127684627367955,Long-run (mobility + deconcentration)
0.047,30.000654329603282,Long-run (mobility + deconcentration)
0.048,29.86014262828223,Long-run (mobility + deconcentration)
0.049,29.70689792412207,Long-run (mobility + deconcentration)
0.05,29.54164049426074,Long-run (mobility + deconcentration)
0.051000000000000004,29.36506339284122,Long-run (mobility + deconcentration)
0.052000000000000005,29.177833325382906,Long-run (mobility + deconcentration)
0.053,28.980591497653116,Long-run (mobility + deconcentration)
0.054,28.773954439733114,Long-run (mobility + deconcentration)
0.055,28.5585148059552,Long-run (mobility + deconcentration)
0.056,28.33484215137006,Long-run (mobility + deconcentration)
0.057,28.103483685386347,Long-run (mobility + deconcentration)
0.058,27.864965003207914,Long-run (mobility + deconcentration)
0.059000000000000004,27.61979079567794,Long-run (mobility + deconcentration)
0.06,27.368445538123282,Long-run (mobility + deconcentration)
0.061,27.111394158777006,Long-run (mobility + deconcentration)
0.062,26.84908268734178,Long-run (mobility + deconcentration)
0.063,26.58193888424335,Long-run (mobility + deconcentration)
0.064,26.310372851106028,Long-run (mobility + deconcentration)
0.065,26.034777622972914,Long-run (mobility + deconcentration)
0.066,25.755529742774243,Long-run (mobility + deconcentration)
0.067,25.47298981854007,Long-run (mobility + deconcentration)
0.068,25.187503063834317,Long-run (mobility + deconcentration)
0.069,24.899399821881012,Long-run (mobility + deconcentration)
0.07,24.608996073834813,Long-run (mobility + deconcentration)
0.07100000000000001,24.31659393164224,Long-run (mobility + deconcentration)
0.07200000000000001,24.022482115922337,Long-run (mobility + deconcentration)
0.073,23.72693641928971,Long-run (mobility + deconcentration)
0.074,23.430220155526612,Long-run (mobility + deconcentration)
0.075,23.132584595004566,Long-run (mobility + deconcentration)
0.076,22.83426938674172,Long-run (mobility + deconcentration)
0.077,22.535502967474265,Long-run (mobility + deconcentration)
0.078,22.236502958109035,Long-run (mobility + deconcentration)
0.079,21.9374765479152,Long-run (mobility + deconcentration)
0.08,21.638620866803,Long-run (mobility + deconcentration)
0.081,21.340123346028587,Long-run (mobility + deconcentration)
0.082,21.04216206765472,Long-run (mobility + deconcentration)
0.083,20.744906103088326,Long-run (mobility + deconcentration)
0.084,20.448515841007396,Long-run (mobility + deconcentration)
0.085,20.153143304981256,Long-run (mobility + deconcentration)
0.08600000000000001,19.85893246108007,Long-run (mobility + deconcentration)
0.08700000000000001,19.566019515761504,Long-run (mobility + deconcentration)
0.088,19.274533204314814,Long-run (mobility + deconcentration)
0.089,18.98459507013486,Long-run (mobility + deconcentration)
0.09,18.69631973509135,Long-run (mobility + deconcentration)
0.091,18.409815161251526,Long-run (mobility + deconcentration)
0.092,18.1251829042072,Long-run (mobility + deconcentration)
0.093,17.842518358250583,Long-run (mobility + deconcentration)
0.094,17.561910993636506,Long-run (mobility + deconcentration)
0.095,17.283444586162265,Long-run (mobility + deconcentration)
0.096,17.007197439289946,Long-run (mobility + deconcentration)
0.097,16.73324259903005,Long-run (mobility + deconcentration)
0.098,16.461648061799163,Long-run (mobility + deconcentration)
0.099,16.19247697545872,Long-run (mobility + deconcentration)
0.1,15.925787833736015,Long-run (mobility + deconcentration)
0.101,15.661634664223401,Long-run (mobility + deconcentration)
0.10200000000000001,15.400067210145947,Long-run (mobility + deconcentration)
0.10300000000000001,15.14113110608279,Long-run (mobility + deconcentration)
0.10400000000000001,14.884868047822167,Long-run (mobility + deconcentration)
0.105,14.631315956525228,Long-run (mobility + deconcentration)
0.106,14.38050913736888,Long-run (mobility + deconcentration)
0.107,14.132478432833153,Long-run (mobility + deconcentration)
0.108,13.887251370794019,Long-run (mobility + deconcentration)
0.109,13.64485230757812,Long-run (mobility + deconcentration)
0.11,13.40530256613152,Long-run (mobility + deconcentration)
0.111,13.168620569450288,Long-run (mobility + deconcentration)
0.112,12.93482196941668,Long-run (mobility + deconcentration)
0.113,12.703919771180624,Long-run (mobility + deconcentration)
0.114,12.47592445322225,Long-run (mobility + deconcentration)
0.115,12.250844083227507,Long-run (mobility + deconcentration)
0.116,12.028684429905084,Long-run (mobility + deconcentration)
0.117,11.809449070869285,Long-run (mobility + deconcentration)
0.11800000000000001,11.593139496710059,Long-run (mobility + deconcentration)
0.11900000000000001,11.379755211367772,Long-run (mobility + deconcentration)
0.12,11.169293828927238,Long-run (mobility + deconcentration)
0.121,10.961751166942015,Long-run (mobility + deconcentration)
0.122,10.757121336397036,Long-run (mobility + deconcentration)
0.123,10.55539682841438,Long-run (mobility + deconcentration)
0.124,10.356568597804191,Long-run (mobility + deconcentration)
0.125,10.160626143559632,Long-run (mobility + deconcentration)
0.126,9.967557586392102,Long-run (mobility + deconcentration)
0.127,9.777349743400121,Long-run (mobility + deconcentration)
0.128,9.589988199962514,Long-run (mobility + deconcentration)
0.129,9.405457378944103,Long-run (mobility + deconcentration)
0.13,9.223740607299383,Long-run (mobility + deconcentration)
0.131,9.044820180157343,Long-run (mobility + deconcentration)
0.132,8.868677422468002,Long-run (mobility + deconcentration)
0.133,8.695292748289141,Long-run (mobility + deconcentration)
0.134,8.524645717789156,Long-run (mobility + deconcentration)
0.135,8.356715092039972,Long-run (mobility + deconcentration)
0.136,8.19147888567162,Long-run (mobility + deconcentration)
0.137,8.02891441745817,Long-run (mobility + deconcentration)
0.138,7.86899835890244,Long-run (mobility + deconcentration)
0.139,7.7117067808851605,Long-run (mobility + deconcentration)
0.14,7.55701519844215,Long-run (mobility + deconcentration)
0.14100000000000001,7.404898613731271,Long-run (mobility + deconcentration)
0.14200000000000002,7.2553315572491375,Long-run (mobility + deconcentration)
0.14300000000000002,7.108288127355645,Long-run (mobility + deconcentration)
0.14400000000000002,6.963742028162819,Long-run (mobility + deconcentration)
0.145,6.821666605842684,Long-run (mobility + deconcentration)
0.146,6.682034883407272,Long-run (mobility + deconcentration)
0.147,6.5448195940122895,Long-run (mobility + deconcentration)
0.148,6.4099932128344355,Long-run (mobility + deconcentration)
0.149,6.277527987570796,Long-run (mobility + deconcentration)
0.15,6.147395967607406,Long-run (mobility + deconcentration)
0.151,6.019569031902493,Long-run (mobility + deconcentration)
0.152,5.894018915628667,Long-run (mobility + deconcentration)
0.153,5.770717235616918,Long-run (mobility + deconcentration)
0.154,5.6496355146439745,Long-run (mobility + deconcentration)
0.155,5.530745204603346,Long-run (mobility + deconcentration)
0.156,5.414017708599103,Long-run (mobility + deconcentration)
0.157,5.2994244020002705,Long-run (mobility + deconcentration)
0.158,5.1869366524925455,Long-run (mobility + deconcentration)
0.159,5.076525839162907,Long-run (mobility + deconcentration)
0.16,4.968163370651616,Long-run (mobility + deconcentration)
0.161,4.861820702404983,Long-run (mobility + deconcentration)
0.162,4.757469353061312,Long-run (mobility + deconcentration)
0.163,4.655080920001352,Long-run (mobility + deconcentration)
0.164,4.554627094093678,Long-run (mobility + deconcentration)
0.165,4.456079673664383,Long-run (mobility + deconcentration)
0.166,4.359410577719646,Long-run (mobility + deconcentration)
0.167,4.264591858448755,Long-run (mobility + deconcentration)
0.168,4.171595713034319,Long-run (mobility + deconcentration)
0.169,4.080394494795582,Long-run (mobility + deconcentration)
0.17,3.9909607236898985,Long-run (mobility + deconcentration)
0.171,3.9032670961966267,Long-run (mobility + deconcentration)
0.17200000000000001,3.8172864946069587,Long-run (mobility + deconcentration)
0.17300000000000001,3.7329919957424087,Long-run (mobility + deconcentration)
0.17400000000000002,3.6503568791239736,Long-run (mobility + deconcentration)
0.17500000000000002,3.5693546346132643,Long-run (mobility + deconcentration)
0.176,3.489958969546227,Long-run (mobility + deconcentration)
0.177,3.4121438153793324,Long-run (mobility + deconcentration)
0.178,3.335883333867702,Long-run (mobility + deconcentration)
0.179,3.26115192279349,Long-run (mobility + deconcentration)
0.18,3.1879242212630223,Long-run (mobility + deconcentration)
0.181,3.1161751145896526,Long-run (mobility + deconcentration)
0.182,3.0458797387796936,Long-run (mobility + deconcentration)
0.183,2.977013484637265,Long-run (mobility + deconcentration)
0.184,2.9095520015042955,Long-run (mobility + deconcentration)
0.185,2.8434712006504665,Long-run (mobility + deconcentration)
0.186,2.778747258328278,Long-run (mobility + deconcentration)
0.187,2.7153566185070352,Long-run (mobility + deconcentration)
0.188,2.653275995299938,Long-run (mobility + deconcentration)
0.189,2.5924823750971475,Long-run (mobility + deconcentration)
0.19,2.5329530184180764,Long-run (mobility + deconcentration)
0.191,2.4746654614948898,Long-run (mobility + deconcentration)
0.192,2.4175975175995874,Long-run (mobility + deconcentration)
0.193,2.361727278125847,Long-run (mobility + deconcentration)
0.194,2.30703311343714,Long-run (mobility + deconcentration)
0.195,2.2534936734915516,Long-run (mobility + deconcentration)
0.196,2.2010878882540315,Long-run (mobility + deconcentration)
0.197,2.1497949679057644,Long-run (mobility + deconcentration)
0.198,2.099594402860673,Long-run (mobility + deconcentration)
0.199,2.050465963598054,Long-run (mobility + deconcentration)
0.2,2.0023897003206668,Long-run (mobility + deconcentration)
