year,share,series
2019,0.020858409662993394,All CA billionaires
2020,0.025212864746114377,All CA billionaires
2021,0.03213521464681484,All CA billionaires
2022,0.019505947161484627,All CA billionaires
2023,0.020592741879034718,All CA billionaires
2024,0.022419073389439246,All CA billionaires
2025,0.030358922283688018,All CA billionaires
2019,0.0003418239826708314,Top 5 (SEC filings)
2020,0.0005024436366628802,Top 5 (SEC filings)
2021,0.005467558954161923,Top 5 (SEC filings)
2022,0.00223790689834948,Top 5 (SEC filings)
2023,0.0003283931704048959,Top 5 (SEC filings)
2024,0.002634883674646724,Top 5 (SEC filings)
2025,0.0025060188148291343,Top 5 (SEC filings)
