year,share,tax
2019,0.04228708225725659,CA income tax
2020,0.036261578393333965,CA income tax
2021,0.044468182496519744,CA income tax
2022,0.036108974758773206,CA income tax
2023,0.021671147302456666,CA income tax
2024,0.025641519118528085,CA income tax
2025,0.020868302067377182,CA income tax
2019,0.08433433098494651,Federal income tax
2020,0.07539943664155487,Federal income tax
2021,0.09339102429007355,Federal income tax
2022,0.08067949941125344,Federal income tax
2023,0.05481176781354602,Federal income tax
2024,0.04997879149122218,Federal income tax
2025,0.04153514047214133,Federal income tax
2019,0.14254610810781757,Corporate taxes
2020,0.12450907496437442,Corporate taxes
2021,0.0983485479266757,Corporate taxes
2022,0.1392793299089133,Corporate taxes
2023,0.12270769119401792,Corporate taxes
2024,0.128758410288285,Corporate taxes
2025,0.14614677645047444,Corporate taxes
2019,0.016723430068354143,Property + sales taxes
2020,0.017078694378199803,Property + sales taxes
2021,0.010791706904432279,Property + sales taxes
2022,0.017089492527897456,Property + sales taxes
2023,0.012190307317226154,Property + sales taxes
2024,0.009086993022017525,Property + sales taxes
2025,0.008106537004327098,Property + sales taxes
