threshold_b,n_above_threshold_emp,wealth_above_threshold,pareto_b_emp,wealth_in_bracket,actual_density,avg_wealth_in_bracket_emp,n_above_threshold_proj,projected_wealth_in_bracket,projected_density,avg_wealth_in_bracket_proj,pareto_b_proj
1.0,249.0,2182.1,8.763453815261045,55.40000000000009,43.0,1.2883720930232578,617.0811427959372,304.055695080178,250.94665251440796,1.2116347918317851,4.479351055711172
1.5,206.0,2126.7,6.88252427184466,59.19999999999982,34.0,1.74117647058823,366.1344902815293,195.22297927007054,113.3250580754385,1.7226814844437497,4.479351055711172
2.0,172.0,2067.5,6.0101744186046515,71.0,32.0,2.21875,252.80943220609078,140.69298289549846,63.1255798106954,2.2287792574328287,4.479351055711172
2.5,140.0,1996.5,5.704285714285715,39.90000000000009,15.0,2.660000000000006,189.68385239539538,108.44166829142796,39.68372084097945,2.7326487031288034,4.479351055711172
3.0,125.0,1956.6,5.2176,49.09999999999991,15.0,3.273333333333327,150.00013155441593,87.35547362965191,27.00053723869405,3.235323536617047,4.479351055711172
3.5,110.0,1907.5,4.954545454545454,63.40000000000009,17.0,3.7294117647058878,122.99959431572188,72.60472323920298,19.42713912322654,3.737283332284311,4.479351055711172
4.0,93.0,1844.1,4.957258064516129,17.0,4.0,4.25,103.57245519249534,61.76944822408387,14.57245519249534,4.238781139357662,4.479351055711172
4.5,89.0,1827.1,4.562047440699126,33.399999999999864,7.0,4.771428571428552,89.0,33.399999999999864,7.0,4.771428571428552,4.562047440699126
5.0,82.0,1793.7,4.374878048780488,113.20000000000005,21.0,5.390476190476193,82.0,113.20000000000005,21.0,5.390476190476193,4.374878048780488
6.0,61.0,1680.5,4.591530054644808,37.90000000000009,6.0,6.3166666666666815,61.0,37.90000000000009,6.0,6.3166666666666815,4.591530054644808
7.0,55.0,1642.6,4.266493506493506,101.39999999999986,14.0,7.242857142857133,55.0,101.39999999999986,14.0,7.242857142857133,4.266493506493506
8.0,41.0,1541.2,4.6987804878048784,25.5,3.0,8.5,41.0,25.5,3.0,8.5,4.6987804878048784
9.0,38.0,1515.7,4.43187134502924,46.5,5.0,9.3,38.0,46.5,5.0,9.3,4.43187134502924
10.0,33.0,1469.2,4.452121212121212,155.29999999999995,13.0,11.946153846153843,33.0,155.29999999999995,13.0,11.946153846153843,4.452121212121212
15.0,20.0,1313.9,4.379666666666667,125.30000000000018,7.0,17.900000000000027,20.0,125.30000000000018,7.0,17.900000000000027,4.379666666666667
20.0,13.0,1188.6,4.571538461538461,117.09999999999991,5.0,23.41999999999998,13.0,117.09999999999991,5.0,23.41999999999998,4.571538461538461
30.0,8.0,1071.5,4.464583333333334,1071.5,8.0,133.9375,8.0,1071.5,8.0,133.9375,4.464583333333334
