metric,page,brin,zuckerberg,huang,all_top4
CA income tax 2019,0.0,0.0,26.4,6.19,32.589999999999996
CA income tax 2020,0.0,0.0,34.89,20.29,55.18
CA income tax 2021,240.55,167.59,298.58,58.88,765.6
CA income tax 2022,120.26,83.93,2.52,60.5,267.21000000000004
CA income tax 2023,0.0,0.0,11.26,27.85,39.11
CA income tax 2024,82.92,54.15,165.99,54.85,357.91
CA income tax 2025,87.07,56.25,125.98,89.39,358.69
Average CA income tax 2019-2025,75.82857142857142,51.70285714285715,95.08857142857143,45.42142857142857,268.0414285714286
Wealth at the beginning of 2019,41575.92,40085.44,47767.74,2857.12,132286.22
Wealth at end of 2025,244240.45,225400.85,225634.59,160227.58,855503.47
Total CA income tax / wealth gain 2019-2025,0.0026191065599885676,0.0019529946268364838,0.003742237522056527,0.002020391882949316,0.0025943656626
