year,total_tax_per_income,ca_inctax_per_income,fed_inctax_per_income,sales_tax_per_income,corp_tax_per_income,property_tax_per_income,check_income_decomp,total_tax_per_wealth,ca_inctax_per_wealth,fed_inctax_per_wealth,sales_tax_per_wealth,corp_tax_per_wealth,property_tax_per_wealth,check_wealth_decomp,income_per_wealth,avg_wealth_m,economic_income_m
2004,0.27858932128838837,0.05124755912345411,0.06695201088778872,0.0060356220043787856,0.15291031381289574,0.0014477603108542575,-3.944850983261805e-06,0.026825296557393054,0.0049346147403335145,0.0064467925004187835,0.00058116854381574,0.014723696140774975,0.00013940448077148795,-3.798487214490276e-07,0.09628975164351045,26326.27,2534.95
2005,0.26381014740405956,0.06833151198100013,0.09173912150739529,0.007706715885006125,0.0951795381902222,0.0008555412838594721,-2.281443423624019e-06,0.03318252411359648,0.008594862882795812,0.011539114933728504,0.0009693648565351491,0.011971856853105357,0.0001076115515691773,-2.8696413752193894e-07,0.12578183379266727,34847.56,4383.1900000000005
2006,0.2362064459698022,0.032832525320405134,0.04799276788428616,0.005538755286751256,0.14868237891806269,0.001165351978964997,-5.333418668013179e-06,0.019891023349316337,0.0027648378734282733,0.0040414869402281214,0.00046642042422924987,0.012520592562783737,9.813467760625044e-05,-4.491289592976899e-07,0.08421033248118598,44530.64,3749.9399999999996
2007,0.27753735188047396,0.03403989107234857,0.058609945781506835,0.0037364147101395942,0.17970118495620815,0.0014499153602708472,-5.551115123125783e-17,0.020435657944294965,0.0025064286507826836,0.0043155733670052834,0.00027512006019041635,0.013231775554056217,0.00010676031226036511,0.0,0.07363209962850664,55357.649999999994,4076.1
2008,0.28397222491877044,0.01613170322234341,0.026404600247828643,0.001801611457221007,0.23736445086540162,0.0022670039572638347,2.8551687119571234e-06,0.019952987832487105,0.0011334759172478323,0.0018552894305677793,0.00012658819535989063,0.016678145200070535,0.0001592884740344741,2.006152065928135e-07,0.07026387118738324,49846.67,3502.42
2009,0.2723671011629965,0.008395829060021186,0.01259374359003178,0.0012166646529414905,0.24739878221140743,0.0027592717995116485,2.8098490829631118e-06,0.01992869231692815,0.0006143102209049685,0.000921465331357453,8.90215279959342e-05,0.01810179786479912,0.00020189177942726882,2.0559244340648264e-07,0.07316850027713862,48639.92,3558.91
2010,0.23851604602771379,0.03592386916366358,0.046927000256001265,0.004731100214647211,0.14874986051213382,0.0021858569149878896,-1.6410337199679326e-06,0.02512795643991947,0.0037846234437117006,0.004943816728170471,0.0004984271795816013,0.015670979280608625,0.00023028269275154106,-1.7288490446881744e-07,0.1053512200055496,57841.95,6093.719999999999
2011,0.23162950326614673,0.018199148225300974,0.02382544175918925,0.003004282449702687,0.1840308242073763,0.002569806624577522,0.0,0.02124644163886116,0.0016693345847292726,0.002185411835361317,0.00027557073185500346,0.016880406473008203,0.0002357180139073628,0.0,0.09172597332926363,64738.369999999995,5938.1900000000005
2012,0.2619327980316128,0.04489284812003647,0.07941761223212031,0.004730939487472401,0.1308801722338778,0.002013422818791946,-2.1968606861433315e-06,0.03143171756230297,0.005387104376696075,0.00953004730950582,0.0005677087974169314,0.015705511639150738,0.0002416090609856595,-2.636214522511171e-07,0.11999916695621089,75866.36,9103.9
2013,0.2718141165565819,0.048087638549357714,0.10944912810752103,0.005161660080449726,0.1073016793968747,0.001814894874071768,-8.844516930506252e-07,0.03248487377645946,0.0057470189123114,0.01308041376422128,0.0006168769978342712,0.012823769255869396,0.0002169005482446752,-1.0570202157306197e-07,0.11951135646664356,94605.57,11306.44
2014,0.2562431991602589,0.031923509357729266,0.04961191382699795,0.003529084406197615,0.16796292651586617,0.003215765053467891,0.0,0.017318911151631144,0.002157639398925072,0.0033531595392499937,0.0002385230104753649,0.01135224275465332,0.0002173464483273918,3.469446951953614e-18,0.06758778850867998,130804.98999999999,8840.82
2015,0.2638336920433122,0.03588434522915729,0.05574075000973244,0.0038840782821963067,0.16455500497744857,0.0037695135447775724,5.551115123125783e-17,0.017613948287240107,0.0023956947889888338,0.003721339304921778,0.000259307116829366,0.010985948480012523,0.00025165859648760636,0.0,0.06676155782389051,134666.57,8990.55
2016,0.2451550738274464,0.036185400984365956,0.056260856977417485,0.0040152721482339315,0.14508450347423277,0.0036117544875506656,-2.714244354412587e-06,0.017872446408219694,0.002638010422367268,0.004101563698074414,0.0002927238468425037,0.010577039963005195,0.00026330635344643416,-1.978755161217982e-07,0.0729026168179546,151610.47,11052.800000000001
2017,0.18729226026810017,0.02061196860002113,0.034050872432102634,0.0017865367705556406,0.1261502325887436,0.004690655974031412,1.9939026457416187e-06,0.0100041296689422,0.0011009787927787505,0.0018188116405010028,9.542703732331419e-05,0.006738256470280628,0.00025054922466863464,1.065033898694362e-07,0.053414538617996034,187787.45,10030.58
2018,0.18633814308711213,0.025649243253971173,0.04697411847724617,0.002594767830759392,0.10664348772079414,0.004475055680924413,1.470123416863478e-06,0.01238330505771304,0.0017045485076285557,0.0031217164091248595,0.00017243813354527428,0.00708710959005154,0.00029739471870357786,9.769865923214827e-08,0.066456093489801,204711.1,13604.300000000001
2019,0.230230218240184,0.015603414544554377,0.030331632449352785,0.001173050970621821,0.1767577797475026,0.006364340528152424,0.0,0.0130833631887439,0.0008867000215321985,0.0017236649753264598,6.666132710495391e-05,0.010044668534605691,0.00036166833017459675,0.0,0.056827306548851424,220367.65000000002,12522.9
2020,0.21701321169457535,0.01423438318437699,0.028559234976474883,0.0010738230394698803,0.16639602567472864,0.006748433680282629,1.3111392423437174e-06,0.012566724779654289,0.0008242796578576975,0.001653798140050326,6.218256710592312e-05,0.009635602564260255,0.00039078592538972675,7.59249903607706e-08,0.05790764848612402,263417.88,15253.91
2021,0.2152433257459096,0.03163331794913961,0.05962111912365462,0.0032472080167488004,0.11665529723791056,0.004085970235097199,4.1318335883278046e-07,0.01626701843347069,0.0023906886051275025,0.004505867210737764,0.00024540780757180045,0.008816226305531126,0.00030879727816230236,3.122634019761539e-08,0.07557501900278933,320242.46,24202.33
2022,0.21378289431456793,0.01805374165332843,0.0375952397199883,0.0016809890810029992,0.1484574155063135,0.007994832715236532,6.756386981554563e-07,0.012514359738958277,0.001056824580883091,0.002200739005975028,9.840124086812359e-05,0.008690356211700936,0.0004679991491931296,3.9550337968194405e-08,0.058537703772240046,252842.34,14800.81
2023,0.17666692654820795,0.002132300785805452,0.005628161854223902,0.0002268057087433056,0.1608161516196163,0.007862416167757716,1.0904120612831303e-06,0.010718838692190334,0.00012937219553679487,0.0003414751149389756,1.3760888095961817e-05,0.009757131241195387,0.0004770330943073687,6.615811584502473e-08,0.060672582591543726,302306.07,18341.69
2024,0.18932169217916053,0.012356125415139025,0.0237659755162914,0.0013104929193335682,0.14761860375195918,0.0042701493464796896,3.4522995767671816e-07,0.010633876316899455,0.0006940224752288019,0.001334894281166381,7.36081505397595e-05,0.00829148501845323,0.0002398470005337948,1.9390977488639716e-08,0.0561682932077129,515703.76,28966.2
2025,0.18945776933052824,0.009452820099675085,0.01691514282800316,0.0010167269771821483,0.1580638861898275,0.004009193235840337,0.0,0.010603069673941702,0.0005290303505961373,0.0009466618264521754,5.690147739273182e-05,0.008846100131585773,0.00022437588791488576,-1.734723475976807e-18,0.05596534632181579,678014.03,37945.29
