"column","row","printed","digits","scale","reproduced","matches_printed"
"n_billionaires",1,250,0,1,250,TRUE
"wealth",1,2307,0,1,2307,TRUE
"taxable_wealth",1,2076,0,1,2076.3,TRUE
"avoidance_rate",1,10,1,100,9.99999999999999,TRUE
"wealth_tax_revenue",1,104,0,1,103.815,TRUE
"extra_ca_inctax_sales",1,3.7,1,1,3.681972,TRUE
"annual_ca_inctax_loss",1,-0.15,2,1,-0.15306818872854,TRUE
"n_billionaires",2,620,0,1,619.559380317206,TRUE
"wealth",2,2957,0,1,2957.35279466737,TRUE
"taxable_wealth",2,2597,0,1,2596.5822357339,TRUE
"avoidance_rate",2,12.2,1,100,12.1991045364627,TRUE
"wealth_tax_revenue",2,128,0,1,127.854977857809,TRUE
"extra_ca_inctax_sales",2,4.5,1,1,4.53458988135695,TRUE
"annual_ca_inctax_loss",2,-0.19,2,1,-0.196218741097104,FALSE
"n_billionaires",3,250,0,1,250,TRUE
"wealth",3,2307,0,1,2307,TRUE
"taxable_wealth",3,1776,0,1,1776.051,TRUE
"avoidance_rate",3,23,1,100,23.0146944083225,TRUE
"wealth_tax_revenue",3,89,0,1,88.80255,TRUE
"extra_ca_inctax_sales",3,3.1,1,1,3.14953044,TRUE
"annual_ca_inctax_loss",3,-0.51,2,1,-0.515430591207278,FALSE
"n_billionaires",4,620,0,1,619.559380317206,TRUE
"wealth",4,2957,0,1,2957.35279466737,TRUE
"taxable_wealth",4,2296,0,1,2296.3332357339,TRUE
"avoidance_rate",4,22.4,1,100,22.3517315933834,TRUE
"wealth_tax_revenue",4,115,0,1,114.816661786695,TRUE
"extra_ca_inctax_sales",4,4.1,1,1,4.07216427136811,TRUE
"annual_ca_inctax_loss",4,-0.56,2,1,-0.558581143575842,TRUE
