"step_id","horizon_setting","output","shapley","sequential","sequential_rank","disputes_row","title","kind"
"noncitizens","common_10","a","-5.366699332463768","-6.75",1,"8","Non-US-citizen residents","data"
"base_list","common_10","a","-9.380990433146657","-11.799000000000007",2,"7","Base list and valuation date","data"
"real_estate","common_10","a","-0.34926383899579094","-0.2368279990844826",7,"7","Real-estate deduction","data"
"confirmed_departures","common_10","a","-21.29267397870849","-24.225672333871287",3,"3","Billionaires already departed","guesswork on data"
"avoidance","common_10","a","8.033325082099273","6.782258629569853",4,"(not a row)","Avoidance and evasion allowance","guesswork"
"one_time_as_permanent","common_10","a","-21.052398429844242","-10.226293147849283",5,"1","One-time tax scored as a permanent 5 pp rate","scenario + guesswork"
"elasticity_size","common_10","a","-3.150974224201817","-6.104140304026309",6,"4","Size of the mobility semi-elasticity","research + guesswork"
"income_proportional","common_10","a","0.0","0.0",9,"6","Lost income tax proportional to lost wealth","data vs guesswork"
"income_level","common_10","a","0.0","0.0",10,"5","Billionaires' annual CA income tax","research vs guesswork"
"horizon","common_10","a","0.0","0.0",11,"2","How long the income tax loss lasts","scenario"
"asset_sales","common_10","a","0.0","0.0",8,"(listed under 'Not yet in the table')","Extra income tax from selling assets to pay","guesswork"
"noncitizens","common_10","b","-5.469843285242278","-6.989400000000003",1,"8","Non-US-citizen residents","data"
"base_list","common_10","b","-9.561286062603482","-12.217471200000006",2,"7","Base list and valuation date","data"
"real_estate","common_10","b","-0.3561690226936757","-0.2452274987853471",7,"7","Real-estate deduction","data"
"confirmed_departures","common_10","b","-26.03577863431523","-27.443856486772347",3,"3","Billionaires already departed","guesswork on data"
"avoidance","common_10","b","9.493032606802283","8.2062476629429",4,"(not a row)","Avoidance and evasion allowance","guesswork"
"one_time_as_permanent","common_10","b","-25.894374713597628","-11.5323634061318",5,"1","One-time tax scored as a permanent 5 pp rate","scenario + guesswork"
"elasticity_size","common_10","b","-4.060153307601775","-6.883742060812345",6,"4","Size of the mobility semi-elasticity","research + guesswork"
"income_proportional","common_10","b","-5.453607485342463","-7.9485153779858635",9,"6","Lost income tax proportional to lost wealth","data vs guesswork"
"income_level","common_10","b","-2.6513103457382883","-5.805107387516813",10,"5","Billionaires' annual CA income tax","research vs guesswork"
"horizon","common_10","b","0.0","0.0",11,"2","How long the income tax loss lasts","scenario"
"asset_sales","common_10","b","-2.6878010258891356","-1.8178555211600553",8,"(listed under 'Not yet in the table')","Extra income tax from selling assets to pay","guesswork"
"noncitizens","common_20","a","-5.366699332463768","-6.75",1,"8","Non-US-citizen residents","data"
"base_list","common_20","a","-9.380990433146657","-11.799000000000007",2,"7","Base list and valuation date","data"
"real_estate","common_20","a","-0.34926383899579094","-0.2368279990844826",7,"7","Real-estate deduction","data"
"confirmed_departures","common_20","a","-21.29267397870849","-24.225672333871287",3,"3","Billionaires already departed","guesswork on data"
"avoidance","common_20","a","8.033325082099273","6.782258629569853",4,"(not a row)","Avoidance and evasion allowance","guesswork"
"one_time_as_permanent","common_20","a","-21.052398429844242","-10.226293147849283",5,"1","One-time tax scored as a permanent 5 pp rate","scenario + guesswork"
"elasticity_size","common_20","a","-3.150974224201817","-6.104140304026309",6,"4","Size of the mobility semi-elasticity","research + guesswork"
"income_proportional","common_20","a","0.0","0.0",9,"6","Lost income tax proportional to lost wealth","data vs guesswork"
"income_level","common_20","a","0.0","0.0",10,"5","Billionaires' annual CA income tax","research vs guesswork"
"horizon","common_20","a","0.0","0.0",11,"2","How long the income tax loss lasts","scenario"
"asset_sales","common_20","a","0.0","0.0",8,"(listed under 'Not yet in the table')","Extra income tax from selling assets to pay","guesswork"
"noncitizens","common_20","b","-5.469843285242278","-6.989400000000003",1,"8","Non-US-citizen residents","data"
"base_list","common_20","b","-9.561286062603484","-12.217471200000006",2,"7","Base list and valuation date","data"
"real_estate","common_20","b","-0.3561690226936758","-0.2452274987853471",7,"7","Real-estate deduction","data"
"confirmed_departures","common_20","b","-29.27316508696303","-29.212545654875555",3,"3","Billionaires already departed","guesswork on data"
"avoidance","common_20","b","10.46649900132552","9.093557411719715",4,"(not a row)","Avoidance and evasion allowance","guesswork"
"one_time_as_permanent","common_20","b","-29.223298975222995","-12.239678326742919",5,"1","One-time tax scored as a permanent 5 pp rate","scenario + guesswork"
"elasticity_size","common_20","b","-4.713425288504257","-7.305942896649881",6,"4","Size of the mobility semi-elasticity","research + guesswork"
"income_proportional","common_20","b","-9.54255068504162","-13.90806196982837",9,"6","Lost income tax proportional to lost wealth","data vs guesswork"
"income_level","common_20","b","-4.639179373283055","-10.157594147795582",10,"5","Billionaires' annual CA income tax","research vs guesswork"
"horizon","common_20","b","0.0","0.0",11,"2","How long the income tax loss lasts","scenario"
"asset_sales","common_20","b","-2.6878010258891365","-1.8178555211600553",8,"(listed under 'Not yet in the table')","Extra income tax from selling assets to pay","guesswork"
"noncitizens","common_30","a","-5.366699332463768","-6.75",1,"8","Non-US-citizen residents","data"
"base_list","common_30","a","-9.380990433146657","-11.799000000000007",2,"7","Base list and valuation date","data"
"real_estate","common_30","a","-0.34926383899579094","-0.2368279990844826",7,"7","Real-estate deduction","data"
"confirmed_departures","common_30","a","-21.29267397870849","-24.225672333871287",3,"3","Billionaires already departed","guesswork on data"
"avoidance","common_30","a","8.033325082099273","6.782258629569853",4,"(not a row)","Avoidance and evasion allowance","guesswork"
"one_time_as_permanent","common_30","a","-21.052398429844242","-10.226293147849283",5,"1","One-time tax scored as a permanent 5 pp rate","scenario + guesswork"
"elasticity_size","common_30","a","-3.150974224201817","-6.104140304026309",6,"4","Size of the mobility semi-elasticity","research + guesswork"
"income_proportional","common_30","a","0.0","0.0",9,"6","Lost income tax proportional to lost wealth","data vs guesswork"
"income_level","common_30","a","0.0","0.0",10,"5","Billionaires' annual CA income tax","research vs guesswork"
"horizon","common_30","a","0.0","0.0",11,"2","How long the income tax loss lasts","scenario"
"asset_sales","common_30","a","0.0","0.0",8,"(listed under 'Not yet in the table')","Extra income tax from selling assets to pay","guesswork"
"noncitizens","common_30","b","-5.469843285242278","-6.989400000000003",1,"8","Non-US-citizen residents","data"
"base_list","common_30","b","-9.561286062603486","-12.217471200000006",2,"7","Base list and valuation date","data"
"real_estate","common_30","b","-0.35616902269367584","-0.24522749878534",7,"7","Real-estate deduction","data"
"confirmed_departures","common_30","b","-31.717522596366052","-30.547977403012055",3,"3","Billionaires already departed","guesswork on data"
"avoidance","common_30","b","11.201505441368623","9.763512104899846",4,"(not a row)","Avoidance and evasion allowance","guesswork"
"one_time_as_permanent","common_30","b","-31.736771227039824","-12.773729655800217",5,"1","One-time tax scored as a permanent 5 pp rate","scenario + guesswork"
"elasticity_size","common_30","b","-5.206672015627472","-7.624721577740495",6,"4","Size of the mobility semi-elasticity","research + guesswork"
"income_proportional","common_30","b","-12.629867927483424","-18.407760315230796",9,"6","Lost income tax proportional to lost wealth","data vs guesswork"
"income_level","common_30","b","-6.14010076659234","-13.443897421339955",10,"5","Billionaires' annual CA income tax","research vs guesswork"
"horizon","common_30","b","0.0","0.0",11,"2","How long the income tax loss lasts","scenario"
"asset_sales","common_30","b","-2.6878010258891365","-1.8178555211600553",8,"(listed under 'Not yet in the table')","Extra income tax from selling assets to pay","guesswork"
"noncitizens","common_5","a","-5.366699332463768","-6.75",1,"8","Non-US-citizen residents","data"
"base_list","common_5","a","-9.380990433146657","-11.799000000000007",2,"7","Base list and valuation date","data"
"real_estate","common_5","a","-0.34926383899579094","-0.2368279990844826",7,"7","Real-estate deduction","data"
"confirmed_departures","common_5","a","-21.29267397870849","-24.225672333871287",3,"3","Billionaires already departed","guesswork on data"
"avoidance","common_5","a","8.033325082099273","6.782258629569853",4,"(not a row)","Avoidance and evasion allowance","guesswork"
"one_time_as_permanent","common_5","a","-21.052398429844242","-10.226293147849283",5,"1","One-time tax scored as a permanent 5 pp rate","scenario + guesswork"
"elasticity_size","common_5","a","-3.150974224201817","-6.104140304026309",6,"4","Size of the mobility semi-elasticity","research + guesswork"
"income_proportional","common_5","a","0.0","0.0",9,"6","Lost income tax proportional to lost wealth","data vs guesswork"
"income_level","common_5","a","0.0","0.0",10,"5","Billionaires' annual CA income tax","research vs guesswork"
"horizon","common_5","a","0.0","0.0",11,"2","How long the income tax loss lasts","scenario"
"asset_sales","common_5","a","0.0","0.0",8,"(listed under 'Not yet in the table')","Extra income tax from selling assets to pay","guesswork"
"noncitizens","common_5","b","-5.469843285242278","-6.989400000000003",1,"8","Non-US-citizen residents","data"
"base_list","common_5","b","-9.561286062603484","-12.217471200000006",2,"7","Base list and valuation date","data"
"real_estate","common_5","b","-0.3561690226936757","-0.2452274987853471",7,"7","Real-estate deduction","data"
"confirmed_departures","common_5","b","-24.033848396267864","-26.350137099506497",3,"3","Billionaires already departed","guesswork on data"
"avoidance","common_5","b","8.891061900053586","7.657554375140407",4,"(not a row)","Avoidance and evasion allowance","guesswork"
"one_time_as_permanent","common_5","b","-23.835839460857937","-11.094975053488454",5,"1","One-time tax scored as a permanent 5 pp rate","scenario + guesswork"
"elasticity_size","common_5","b","-3.6561839479449585","-6.622662133483701",6,"4","Size of the mobility semi-elasticity","research + guesswork"
"income_proportional","common_5","b","-2.925092847727603","-4.263259786240248",9,"6","Lost income tax proportional to lost wealth","data vs guesswork"
"income_level","common_5","b","-1.4220548417298249","-3.1136230733792516",10,"5","Billionaires' annual CA income tax","research vs guesswork"
"horizon","common_5","b","0.0","0.0",11,"2","How long the income tax loss lasts","scenario"
"asset_sales","common_5","b","-2.6878010258891365","-1.8178555211600553",8,"(listed under 'Not yet in the table')","Extra income tax from selling assets to pay","guesswork"
"noncitizens","common_50","a","-5.366699332463768","-6.75",1,"8","Non-US-citizen residents","data"
"base_list","common_50","a","-9.380990433146657","-11.799000000000007",2,"7","Base list and valuation date","data"
"real_estate","common_50","a","-0.34926383899579094","-0.2368279990844826",7,"7","Real-estate deduction","data"
"confirmed_departures","common_50","a","-21.29267397870849","-24.225672333871287",3,"3","Billionaires already departed","guesswork on data"
"avoidance","common_50","a","8.033325082099273","6.782258629569853",4,"(not a row)","Avoidance and evasion allowance","guesswork"
"one_time_as_permanent","common_50","a","-21.052398429844242","-10.226293147849283",5,"1","One-time tax scored as a permanent 5 pp rate","scenario + guesswork"
"elasticity_size","common_50","a","-3.150974224201817","-6.104140304026309",6,"4","Size of the mobility semi-elasticity","research + guesswork"
"income_proportional","common_50","a","0.0","0.0",9,"6","Lost income tax proportional to lost wealth","data vs guesswork"
"income_level","common_50","a","0.0","0.0",10,"5","Billionaires' annual CA income tax","research vs guesswork"
"horizon","common_50","a","0.0","0.0",11,"2","How long the income tax loss lasts","scenario"
"asset_sales","common_50","a","0.0","0.0",8,"(listed under 'Not yet in the table')","Extra income tax from selling assets to pay","guesswork"
"noncitizens","common_50","b","-5.469843285242279","-6.989400000000003",1,"8","Non-US-citizen residents","data"
"base_list","common_50","b","-9.561286062603486","-12.217471200000006",2,"7","Base list and valuation date","data"
"real_estate","common_50","b","-0.35616902269367584","-0.24522749878535421",7,"7","Real-estate deduction","data"
"confirmed_departures","common_50","b","-34.99826123077876","-32.3403512733968",3,"3","Billionaires already departed","guesswork on data"
"avoidance","common_50","b","12.188007626550363","10.66270391164948",4,"(not a row)","Avoidance and evasion allowance","guesswork"
"one_time_as_permanent","common_50","b","-35.11027346283736","-13.490516304748958",5,"1","One-time tax scored as a permanent 5 pp rate","scenario + guesswork"
"elasticity_size","common_50","b","-5.868692030189893","-8.052576149282494",6,"4","Size of the mobility semi-elasticity","research + guesswork"
"income_proportional","common_50","b","-16.77356659472176","-24.44711182096445",9,"6","Lost income tax proportional to lost wealth","data vs guesswork"
"income_level","common_50","b","-8.15458955692029","-17.854668788637632",10,"5","Billionaires' annual CA income tax","research vs guesswork"
"horizon","common_50","b","0.0","0.0",11,"2","How long the income tax loss lasts","scenario"
"asset_sales","common_50","b","-2.6878010258891365","-1.8178555211600553",8,"(listed under 'Not yet in the table')","Extra income tax from selling assets to pay","guesswork"
"noncitizens","common_Inf","a","-5.366699332463768","-6.75",1,"8","Non-US-citizen residents","data"
"base_list","common_Inf","a","-9.380990433146657","-11.799000000000007",2,"7","Base list and valuation date","data"
"real_estate","common_Inf","a","-0.34926383899579094","-0.2368279990844826",7,"7","Real-estate deduction","data"
"confirmed_departures","common_Inf","a","-21.29267397870849","-24.225672333871287",3,"3","Billionaires already departed","guesswork on data"
"avoidance","common_Inf","a","8.033325082099273","6.782258629569853",4,"(not a row)","Avoidance and evasion allowance","guesswork"
"one_time_as_permanent","common_Inf","a","-21.052398429844242","-10.226293147849283",5,"1","One-time tax scored as a permanent 5 pp rate","scenario + guesswork"
"elasticity_size","common_Inf","a","-3.150974224201817","-6.104140304026309",6,"4","Size of the mobility semi-elasticity","research + guesswork"
"income_proportional","common_Inf","a","0.0","0.0",9,"6","Lost income tax proportional to lost wealth","data vs guesswork"
"income_level","common_Inf","a","0.0","0.0",10,"5","Billionaires' annual CA income tax","research vs guesswork"
"horizon","common_Inf","a","0.0","0.0",11,"2","How long the income tax loss lasts","scenario"
"asset_sales","common_Inf","a","0.0","0.0",8,"(listed under 'Not yet in the table')","Extra income tax from selling assets to pay","guesswork"
"noncitizens","common_Inf","b","-5.469843285242278","-6.989400000000003",1,"8","Non-US-citizen residents","data"
"base_list","common_Inf","b","-9.561286062603486","-12.217471200000006",2,"7","Base list and valuation date","data"
"real_estate","common_Inf","b","-0.3561690226936759","-0.24522749878535421",7,"7","Real-estate deduction","data"
"confirmed_departures","common_Inf","b","-40.22765628490106","-35.19733931706824",3,"3","Billionaires already departed","guesswork on data"
"avoidance","common_Inf","b","13.760461339856834","12.095987605022884",4,"(not a row)","Avoidance and evasion allowance","guesswork"
"one_time_as_permanent","common_Inf","b","-40.487530804188665","-14.633051865965498",5,"1","One-time tax scored as a permanent 5 pp rate","scenario + guesswork"
"elasticity_size","common_Inf","b","-6.923931284414259","-8.73456299115901",6,"4","Size of the mobility semi-elasticity","research + guesswork"
"income_proportional","common_Inf","b","-23.378493024683618","-34.07364974840394",9,"6","Lost income tax proportional to lost wealth","data vs guesswork"
"income_level","common_Inf","b","-11.365621855020933","-24.88530077226102",10,"5","Billionaires' annual CA income tax","research vs guesswork"
"horizon","common_Inf","b","0.0","0.0",11,"2","How long the income tax loss lasts","scenario"
"asset_sales","common_Inf","b","-2.687801025889136","-1.8178555211600553",8,"(listed under 'Not yet in the table')","Extra income tax from selling assets to pay","guesswork"
"noncitizens","own","a","-5.366699332463765","-6.75",1,"8","Non-US-citizen residents","data"
"base_list","own","a","-9.380990433146701","-11.799000000000007",2,"7","Base list and valuation date","data"
"real_estate","own","a","-0.34926383899579","-0.2368279990844826",7,"7","Real-estate deduction","data"
"confirmed_departures","own","a","-21.29267397870855","-24.225672333871287",3,"3","Billionaires already departed","guesswork on data"
"avoidance","own","a","8.03332508209924","6.782258629569853",4,"(not a row)","Avoidance and evasion allowance","guesswork"
"one_time_as_permanent","own","a","-21.052398429844242","-10.226293147849283",5,"1","One-time tax scored as a permanent 5 pp rate","scenario + guesswork"
"elasticity_size","own","a","-3.150974224201819","-6.104140304026309",6,"4","Size of the mobility semi-elasticity","research + guesswork"
"income_proportional","own","a","0.0","0.0",9,"6","Lost income tax proportional to lost wealth","data vs guesswork"
"income_level","own","a","0.0","0.0",10,"5","Billionaires' annual CA income tax","research vs guesswork"
"horizon","own","a","0.0","0.0",11,"2","How long the income tax loss lasts","scenario"
"asset_sales","own","a","0.0","0.0",8,"(listed under 'Not yet in the table')","Extra income tax from selling assets to pay","guesswork"
"noncitizens","own","b","-5.46984328524227","-6.989400000000003",1,"8","Non-US-citizen residents","data"
"base_list","own","b","-9.561286062603518","-12.217471200000006",2,"7","Base list and valuation date","data"
"real_estate","own","b","-0.35616902269367595","-0.2452274987853471",7,"7","Real-estate deduction","data"
"confirmed_departures","own","b","-33.15973485767144","-26.350137099506497",3,"3","Billionaires already departed","guesswork on data"
"avoidance","own","b","11.249599855336124","7.657554375140407",4,"(not a row)","Avoidance and evasion allowance","guesswork"
"one_time_as_permanent","own","b","-33.62779537915261","-11.094975053488454",5,"1","One-time tax scored as a permanent 5 pp rate","scenario + guesswork"
"elasticity_size","own","b","-6.052670915985076","-6.622662133483701",6,"4","Size of the mobility semi-elasticity","research + guesswork"
"income_proportional","own","b","-16.86058779928798","-4.263259786240248",9,"6","Lost income tax proportional to lost wealth","data vs guesswork"
"income_level","own","b","-8.024439291654884","-3.1136230733792516",10,"5","Billionaires' annual CA income tax","research vs guesswork"
"horizon","own","b","-27.051218976795226","-66.54488977073649",11,"2","How long the income tax loss lasts","scenario"
"asset_sales","own","b","-2.6878010258891325","-1.8178555211600553",8,"(listed under 'Not yet in the table')","Extra income tax from selling assets to pay","guesswork"
