"horizon_setting","output","bsz_model","rauh_model","rauh_own","rauh_residual","nber_own","nber_step"
"own","a","103.81500000000001","51.255324844738496","51.255","-0.00032484473849336837","36.0","-15.255000000000003"
"own","b","106.79562768048133","-24.80631908115832","-24.70698391814455","0.09933516301376955","-38.9802887015985","-14.273304783453945"
"common_5","a","103.81500000000001","51.255324844738496","51.255","-0.00032484473849336837","36.0","-15.255000000000003"
"common_5","b","106.79562768048133","41.738570689578175","41.75071520184969","0.012144512271511587","26.618543891172614","-15.132171310677073"
"common_10","a","103.81500000000001","51.255324844738496","51.255","-0.00032484473849336837","36.0","-15.255000000000003"
"common_10","b","106.18937021440169","33.51207893818001","33.535002237096165","0.022923298916154522","18.509006748876615","-15.02599548821955"
"common_20","a","103.81500000000001","51.255324844738496","51.255","-0.00032484473849336837","36.0","-15.255000000000003"
"common_20","b","105.20897156204049","20.208751757922485","20.249105783042868","0.040354025120382886","5.394810668138014","-14.854295114904854"
"common_30","a","103.81500000000001","51.255324844738496","51.255","-0.00032484473849336837","36.0","-15.255000000000003"
"common_30","b","104.46873098737949","10.164202499210411","10.217717426532253","0.053514927321842265","-4.506936972623073","-14.724654399155327"
"common_50","a","103.81500000000001","51.255324844738496","51.255","-0.00032484473849336837","36.0","-15.255000000000003"
"common_50","b","103.4752037137675","-3.317270931558774","-3.246091861348674","0.07117907021009984","-17.796746629469567","-14.550654768120893"
"common_Inf","a","103.81500000000001","51.255324844738496","51.255","-0.00032484473849336837","36.0","-15.255000000000003"
"common_Inf","b","101.89155222862192","-24.80631908115832","-24.70698391814455","0.09933516301376955","-38.9802887015985","-14.273304783453945"
