"step_id","ours","hoopes","hoopes_uncertainty"
"galle_estimate","100.0","100.0","0.6"
"ggss_rounding","3.815000000000012","NA","NA"
"residency_correction","-18.549000000000007","-12.6","0.6"
"confirmed_departures","-24.225672333871287","-17.02","0.6"
"additional_movers","NA","-12.5","0.6"
"additional_behavioral_response","-9.54817482230574","-9.16","0.6"
"real_estate_exclusion","-0.2368279990844826","-1.05","0.8"
"rauh_rounding","-0.00032484473849336837","NA","NA"
"income_tax_loss","-75.96198391814455","-71.51","0.6"
