"symbol","input","value","origin","basis"
"τ","Wealth tax rate","5% one-time","scenario","The Act as written: 5%, payable 1%/yr over 5 years (GGSS p.1)."
"W₀","Wealth of CA billionaires, 1 Jul 2026","$2,307 B","data","Forbes real-time list, 7/1/2026 (Tab5!C6; BSZ PDF p.24)."
"n₀","Number of CA billionaires, 1 Jul 2026","250","data","Forbes real-time list, 7/1/2026 (Tab5!B6)."
"α","Avoidance and evasion","10%","guesswork","Asserted, argued from enforcement (GGSS p.4; BSZ PDF p.23). Explorer dial."
"m","Share of avoidance that is leaving","50%","guesswork","Asserted (BSZ PDF p.24; Tab5 row 1 label). Explorer dial."
"αₛ","Avoidance, less visible billionaires","20%","guesswork","Asserted (BSZ PDF p.25). Explorer dial."
"s","Share of the tax paid by selling assets","1/3","guesswork","Asserted (BSZ PDF p.24). Explorer dial."
"L","Who left before 1 Jan 2026 (Table 5 rows 3 and 4)","no one (row 1)","guesswork","A legal judgment on residency; rows 3-4 assume Page, Thiel, Hankey, Kalanick (BSZ PDF p.26). Explorer dial."
"g","Capital-gain share of a sale","80%","research","BSZ's own estimate that CA billionaire wealth is 80% unrealized gains (PDF p.24)."
"t_cg","Top CA income tax rate on gains","13.3%","data","California statute, top marginal rate (Tab5!G6)."
"C","CA income tax paid by billionaires, 2019-2025 average","$3.06 B/yr","research","BSZ's own FTB + Pareto estimate (Tab2!C14; Table 2 of the paper), reproduced in this pipeline."
"b","Pareto coefficient above $4.5B","4.48","research","Estimated from Forbes 4/15/2026 (Pareto-missing sheet; BSZ PDF p.25)."
"ΔW_P","Wealth added by the Pareto extrapolation","+28.2%","research","Pareto-missing!I23, derived from b."
"Δn_P","Billionaires added by the Pareto extrapolation","+148%","research","Pareto-missing!J23, derived from b."
"f_ph","Share of added wealth in the $1B-1.1B phase-in","12.1%","derived","Pareto-missing!I24, derived from b."
"W_pre","Wealth of pre-2026 leavers (Page, Thiel, Hankey, Kalanick)","$333.6 B","data","Forbes 7/1/2026 values typed into Tab5!B20:B23."
"L_lv","Annual CA income tax of all seven named leavers","$0.36 B/yr","derived","Top-3 company income tax from SEC data (Tab3 row 13) plus a wealth-proportional rate on the rest (Tab5!F19+F24)."
"date","Valuation date","1 Jul 2026","convention","The Act values wealth at 31 Dec 2026; BSZ and GGSS score on the latest Forbes snapshot."
