threshold_b,n_above_threshold_emp,wealth_above_threshold,pareto_b_emp,n_above_threshold_proj,pareto_b_proj
1.0,249.0,2182.1,8.763453815261045,617.0811427959372,4.479351055711172
1.5,206.0,2126.7,6.88252427184466,366.1344902815293,4.479351055711172
2.0,172.0,2067.5,6.0101744186046515,252.80943220609078,4.479351055711172
2.5,140.0,1996.5,5.704285714285715,189.68385239539538,4.479351055711172
3.0,125.0,1956.6,5.2176,150.00013155441593,4.479351055711172
3.5,110.0,1907.5,4.954545454545454,122.99959431572188,4.479351055711172
4.0,93.0,1844.1,4.957258064516129,103.57245519249534,4.479351055711172
4.5,89.0,1827.1,4.562047440699126,89.0,4.562047440699126
5.0,82.0,1793.7,4.374878048780488,82.0,4.374878048780488
6.0,61.0,1680.5,4.591530054644808,61.0,4.591530054644808
7.0,55.0,1642.6,4.266493506493506,55.0,4.266493506493506
8.0,41.0,1541.2,4.6987804878048784,41.0,4.6987804878048784
9.0,38.0,1515.7,4.43187134502924,38.0,4.43187134502924
10.0,33.0,1469.2,4.452121212121212,33.0,4.452121212121212
15.0,20.0,1313.9,4.379666666666667,20.0,4.379666666666667
20.0,13.0,1188.6,4.571538461538461,13.0,4.571538461538461
30.0,8.0,1071.5,4.464583333333334,8.0,4.464583333333334
