# Schema of data-raw/private-paths.csv, which is gitignored: paths of files
# inside the confidential bundle, relative to its root. Lines starting with #
# are skipped. Keys used by the code:
#   private_sheets            the authors' private workbook of data sheets
#   private_aggregate_export  the authors' own export of the daily CA aggregate
#   form4_raw                 the raw Form 4 scrape (CSV), input of query 4
#   form4_forbes_cik          forbes_id to filer CIK crosswalk (xlsx), input of query 4
#   form4_clean_key           the authors' clean Form 4 file (CSV), answer key of query 4
#   forbes400                 Forbes 400 lists 1982-2025 (CSV), input of query 5
#   forbes_global_1997_2024   Forbes global lists 1997-2024 (CSV), input of query 5
#   forbes_global_1988_2010   Forbes global lists 1988-2010 (Stata), input of query 5
#   forbes_panel_key          the authors' 2004-2025 CA panel (xlsx), answer key of query 5
#   venture_monitor_files     path template of the quarterly Venture Monitor workbooks,
#                             with {year} and {quarter} placeholders, input of query 6
#   vm_annual_state_key       the authors' four venture monitor outputs (xlsx),
#   vm_annual_key               answer keys of query 6
#   vm_quarterly_state_key
#   vm_quarterly_key
#   comp_daily_snapshots      path template of the yearly Compustat daily snapshots,
#                             with a {date} placeholder (8 digits), input of query 7
#   comp_daily_prices         the Compustat daily file (CSV or a zip with one CSV),
#                             loaded after query 7, input of query 8
#   form4_gvkey_list_key      the authors' list of gvkeys (text), answer key of query 7
#   form4_compustat_key       the authors' Form 4 file with prices (xlsx), answer key of query 8
key,path
