"output_id","version","value","unit","printed_value","printed_page","abs_diff"
"pareto_alpha","both",1.43789483496466,"coefficient",1.44,15,0.00210516503534164
"income_tax_mc_k212","both",5.75702127987177,"$B",5.76,17,0.00297872012823408
"income_tax_mc_k300","both",4.60901560895411,"$B",4.61,17,0.000984391045885324
"income_tax_mc_k500","both",3.308153179562,"$B",3.31,17,0.00184682043800377
"revenue_baseline","both",94.304262059477,"$B",94.2,10,0.104262059476966
"revenue_confirmed6","both",67.510649689477,"$B",67.51,11,0.000649689477029369
"revenue_expanded10","both",55.096352819834,"$B",55.1,13,0.00364718016596299
"revenue_literature_calibrated","ssrn",45.5928,"$B",45.59,14,0.00279999999999347
"table9_central_npv_r015","ssrn",-126.089171974522,"$B",-126.1,19,0.0108280254777071
"npv_mc_ssrn_mean","ssrn",-24.7680753739627,"$B",-24.7,20,0.0680753739626958
"npv_mc_ssrn_median","ssrn",-19.1004473233777,"$B",-19.1,20,0.000447323377681386
"npv_mc_ssrn_sd","ssrn",38.595461503839,"$B",38.4,20,0.195461503838999
"npv_mc_ssrn_pct_negative","ssrn",71.024,"%",71,20,0.0240000000000009
"nber_domestic_grown","nber",100.905560403665,"$B",100.9,NA,0.00556040366505783
"nber_ceiling","nber",72.0514617177651,"$B",72.06,NA,0.00853828223493736
"nber_international","nber",146.3,"$B",146.3,NA,0
"npv_mc_nber_mean","nber",-38.8863482422633,"$B",-38.9,NA,0.0136517577366817
"npv_mc_nber_median","nber",-35.2554952168172,"$B",-35.3,NA,0.0445047831827736
"npv_mc_nber_pct_negative","nber",85.172,"%",85.2,NA,0.0280000000000058
