"horizon_setting","output","bsz_model","rauh_model","rauh_own","rauh_residual","nber_own","nber_step"
"own","a",103.815,51.2553248447385,51.255,-0.000324844738493368,36,-15.255
"own","b",106.795627680481,-24.8063190811583,-24.7069839181446,0.0993351630137695,-38.9802887015985,-14.2733047834539
"common_5","a",103.815,51.2553248447385,51.255,-0.000324844738493368,36,-15.255
"common_5","b",106.795627680481,41.7385706895782,41.7507152018497,0.0121445122715116,26.6185438911726,-15.1321713106771
"common_10","a",103.815,51.2553248447385,51.255,-0.000324844738493368,36,-15.255
"common_10","b",106.189370214402,33.51207893818,33.5350022370962,0.0229232989161545,18.5090067488766,-15.0259954882195
"common_20","a",103.815,51.2553248447385,51.255,-0.000324844738493368,36,-15.255
"common_20","b",105.20897156204,20.2087517579225,20.2491057830429,0.0403540251203829,5.39481066813802,-14.8542951149049
"common_30","a",103.815,51.2553248447385,51.255,-0.000324844738493368,36,-15.255
"common_30","b",104.468730987379,10.1642024992104,10.2177174265323,0.0535149273218423,-4.50693697262306,-14.7246543991553
"common_50","a",103.815,51.2553248447385,51.255,-0.000324844738493368,36,-15.255
"common_50","b",103.475203713767,-3.31727093155877,-3.24609186134867,0.0711790702100998,-17.7967466294696,-14.5506547681209
"common_Inf","a",103.815,51.2553248447385,51.255,-0.000324844738493368,36,-15.255
"common_Inf","b",101.891552228622,-24.8063190811583,-24.7069839181446,0.0993351630137695,-38.9802887015985,-14.2733047834539
