"step_id","ours","hoopes","hoopes_uncertainty","our_steps"
"galle_estimate",100,100,0.6,"GGSS printed headline"
"ggss_rounding",3.81500000000001,NA,NA,"GGSS's own rounding of their scoring"
"residency_correction",-18.549,-12.6,0.6,"Non-US-citizen residents + base list and valuation date"
"confirmed_departures",-24.2256723338713,-17.02,0.6,"Billionaires already departed"
"additional_movers",NA,-12.5,0.6,"(none: Rauh's Monte Carlo headline does not use the ten 'expanded' departures)"
"additional_behavioral_response",-9.54817482230574,-9.16,0.6,"Avoidance allowance + one-time tax as a permanent rate + elasticity size"
"real_estate_exclusion",-0.236827999084483,-1.05,0.8,"Real-estate deduction"
"rauh_rounding",-0.000324844738493368,NA,NA,"Model difference (Rauh's rounded literals)"
"income_tax_loss",-75.9619839181446,-71.51,0.6,"Rauh's own NPV minus his own expected revenue (all income-tax steps together)"
