"step_id","input","supporting_value","rauh_value","unit","supporting_source","rauh_source"
"noncitizens","W_noncit",150,0,"$B","GGSS 20 Jul 2026 p.2 fn.1 (24 people, about $150B); BSZ PDF p.54 ($132B at 1 Jan)","omitted: Forbes CA-residence field (Rauh p.4; DISPUTES row 8)"
"base_list","W_core",2157,1894.8,"$B","BSZ export baseline_net_worth ($2,307B, 1 Jul 2026; BSZ PDF p.24, GGSS p.4) minus the non-citizens","RJKDC export baseline_net_worth (212 billionaires, 2025 Forbes list; Rauh pp.4-5)"
"real_estate","re",0,0.00459930272876308,"share","no separate deduction (BSZ PDF p.24: 90% x 5% x $2,307B)","1 - revenue_baseline / (5% x base) from the RJKDC export (Rauh p.8 Table 5, $8.19B among stayers)"
"confirmed_departures","d_conf",0,0.284118785141455,"share","benchmark taxes all 1 Jan 2026 residents (BSZ PDF p.23); aggressive row 3 is a checkpoint","1 - revenue_confirmed6 / revenue_baseline from the RJKDC export (Rauh p.11, 6 departures)"
"avoidance","alpha",0.1,0,"share","BSZ export avoidance_rate (GGSS p.4; BSZ PDF p.24)","none: the elasticity replaces any avoidance allowance (Rauh pp.13-14)"
"one_time_as_permanent","dtau",0,0.05,"rate","one-time tax, responses temporary: no elasticity applied (BSZ PDF p.22 fn.29; GGSS response to Rauh, 17 Mar 2026, pp.1-3)","semi-elasticity applied to a 5.00 pp rate change (Rauh p.11 eq.7-8, p.14 eq.13)"
"elasticity_size","eps",10,12.577217776663,"coefficient","BSZ export semi_elasticity_permanent (BSZ PDF p.28; Fig8!B8), used only for a permanent tax","the Monte Carlo floor of $35B (Rauh p.20 eq.22; 'approximately 12.6', p.19)"
"income_proportional","kappa",0.334191392962332,1,"ratio","leavers' tax per $ of wealth / average, from BSZ export leavers_annual_inctax, leavers_wealth, ca_inctax_billionaires (SEC data, BSZ PDF p.26, Table 4 p.38)","f = 1 - WT/94.20 (Rauh p.19, p.20)"
"income_level","C",3.06136377457079,4.55,"$B/yr","BSZ export ca_inctax_billionaires (Tab2!C14; BSZ PDF p.11)","midpoint of C ~ U[3.3, 5.8] (Rauh p.20 eq.23)"
"horizon","H",5,Inf,"years","BSZ PDF p.27 ('If they last say only 5 years')","perpetuity (Rauh p.18 eq.17-18)"
"asset_sales","s",0.333333333333333,0,"share","BSZ export sell_share (BSZ PDF p.24)","not modelled"
