output_id,version,value,unit,printed_value,printed_page,abs_diff
tab5_row1_taxable_wealth,bsz,2076.3,$B,2076.0,39,0.3000000000001819
tab5_row1_wealth_tax_revenue,bsz,103.81500000000001,$B,104.0,39,0.18499999999998806
tab5_row1_extra_ca_inctax_sales,bsz,3.681972000000001,$B,3.7,39,0.018027999999999267
tab5_row1_annual_ca_inctax_loss,bsz,-0.15306818872853956,$B/yr,-0.15,39,0.0030681887285395615
tab5_row2_taxable_wealth,bsz,2596.582235733898,$B,2597.0,39,0.41776426610204
tab5_row2_wealth_tax_revenue,bsz,127.8549778578088,$B,128.0,39,0.1450221421911948
tab5_row2_extra_ca_inctax_sales,bsz,4.534589881356952,$B,4.5,39,0.03458988135695229
tab5_row2_annual_ca_inctax_loss,bsz,-0.19621874109710413,$B/yr,-0.19,39,0.00621874109710413
tab5_row3_taxable_wealth,bsz,1776.051,$B,1776.0,39,0.05099999999993088
tab5_row3_wealth_tax_revenue,bsz,88.80255,$B,89.0,39,0.19745000000000346
tab5_row3_extra_ca_inctax_sales,bsz,3.14953044,$B,3.1,39,0.04953043999999984
tab5_row3_annual_ca_inctax_loss,bsz,-0.5154305912072779,$B/yr,-0.51,39,0.005430591207277846
tab5_row4_taxable_wealth,bsz,2296.3332357338977,$B,2296.0,39,0.333235733897709
tab5_row4_wealth_tax_revenue,bsz,114.8166617866949,$B,115.0,39,0.18333821330510602
tab5_row4_extra_ca_inctax_sales,bsz,4.072164271368112,$B,4.1,39,0.02783572863188777
tab5_row4_annual_ca_inctax_loss,bsz,-0.5585811435758424,$B/yr,-0.56,39,0.0014188564241576218
ggss_scoring,ggss,103.81500000000001,$B,104.0,4,0.18499999999998806
ggss_headline,ggss,103.81500000000001,$B,100.0,4,3.815000000000012
