"group","output","n_values","max_abs_diff","max_rel_diff","ok","problems"
"contract","inputs.csv",28,1.13686837721616e-13,3.88578058618805e-16,TRUE,""
"contract","outputs.csv",72,2.27373675443232e-12,1.55607524514288e-15,TRUE,""
"site","grid.csv",30720,5.0022208597511e-12,4.96546782405576e-15,TRUE,""
"site","inputs.csv",0,0,0,TRUE,""
"site","leavers.csv",14,3.88578058618805e-16,3.88578058618805e-16,TRUE,""
"site","pareto-summary.csv",10,3.63797880709171e-12,2.70376230554612e-15,TRUE,""
"site","pareto.csv",102,3.41060513164848e-13,3.29296541760035e-15,TRUE,""
"site","tab5-vs-printed.csv",140,2.27373675443232e-12,1.55607524514288e-15,TRUE,""
"site","tab5.csv",28,2.27373675443232e-12,1.55607524514288e-15,TRUE,""
"site","grid.js",17280,0,0,TRUE,"byte-identical"
"exhibits","billionaires_ca_inctax_r__method1",236,4.54747350886464e-13,6.66133814775094e-16,TRUE,""
"exhibits","billionaires_ca_inctax_r__memo1",70,5.82076609134674e-11,2.37432832555814e-16,TRUE,""
"exhibits","billionaires_ca_inctax_r__robustness",7,3.63797880709171e-12,2.22044604925031e-16,TRUE,""
"exhibits","billionaires_ca_inctax_r__all_taxes",316,9.09494701772928e-13,2.36016338580534e-15,TRUE,""
"exhibits","data_sec_agg_r",203,9.09494701772928e-13,1.67103525423186e-15,TRUE,""
"exhibits","fig_a1",36,4.33680868994202e-19,4.33680868994202e-19,TRUE,""
"exhibits","fig_a2",28,3.46944695195361e-18,3.46944695195361e-18,TRUE,""
"exhibits","fig_a3_panel_1",56,6.07153216591882e-18,6.07153216591882e-18,TRUE,""
"exhibits","fig_a3_panel_2",56,1.66533453693773e-16,1.66533453693773e-16,TRUE,""
"exhibits","fig_a4_panel_1",68,8.88178419700125e-16,1.47779142141157e-16,TRUE,""
"exhibits","fig_a4_panel_2",68,2.8421709430404e-14,1.13257973938394e-16,TRUE,""
"exhibits","fig1",28,4.54747350886464e-13,3.92883380258308e-16,TRUE,""
"exhibits","fig2_panel_1",176,2.22044604925031e-16,2.22044604925031e-16,TRUE,""
"exhibits","fig2_panel_2",176,2.77555756156289e-17,2.77555756156289e-17,TRUE,""
"exhibits","fig3_panel_1",28,4.44089209850063e-16,1.90674442674521e-16,TRUE,""
"exhibits","fig3_panel_2",28,1.73472347597681e-18,1.73472347597681e-18,TRUE,""
"exhibits","fig4",56,4.33680868994202e-18,4.33680868994202e-18,TRUE,""
"exhibits","fig5",15,1.4210854715202e-14,1.59370044127505e-16,TRUE,""
"exhibits","fig6_panel_1",88,3.46944695195361e-18,3.46944695195361e-18,TRUE,""
"exhibits","fig6_panel_2",88,5.55111512312578e-17,5.55111512312578e-17,TRUE,""
"exhibits","fig7_panel_1",88,5.55111512312578e-17,5.55111512312578e-17,TRUE,""
"exhibits","fig7_panel_2",88,6.93889390390723e-18,6.93889390390723e-18,TRUE,""
"exhibits","fig8_laffer_r",1005,4.54747350886464e-13,2.22871375014337e-16,TRUE,""
"exhibits","fig8",1206,1.4210854715202e-14,1.97066987617495e-16,TRUE,""
"exhibits","pareto_missing_r",204,2.8421709430404e-14,1.62512367338544e-16,TRUE,""
"exhibits","pareto_summary",10,2.22044604925031e-16,1.50209016974784e-16,TRUE,""
"exhibits","shortrunseries_r__panel",232,4.54747350886464e-13,9.43689570931383e-16,TRUE,""
"exhibits","shortrunseries_r__summary_2025",42,5.6843418860808e-14,1.26094064997554e-16,TRUE,""
"exhibits","shortrunseries_r__growth",30,6.66133814775094e-16,6.66133814775094e-16,TRUE,""
"exhibits","tab_a1_panel_a",26,2.77555756156289e-17,2.77555756156289e-17,TRUE,""
"exhibits","tab_a1_panel_b",24,1.45519152283669e-11,1.56387695091608e-16,TRUE,""
"exhibits","tab1_panel_a",37,4.54747350886464e-13,9.43689570931383e-16,TRUE,""
"exhibits","tab1_panel_b",24,3.5527136788005e-15,1.74299480697864e-16,TRUE,""
"exhibits","tab2_panel",48,4.54747350886464e-13,3.92883380258308e-16,TRUE,""
"exhibits","tab3_panel",55,1.4210854715202e-14,2.18024773169715e-16,TRUE,""
"exhibits","tab4_panel",29,2.8421709430404e-14,2.14850113869789e-16,TRUE,""
"exhibits","tab5_panel",28,1.4210854715202e-14,1.36886333527930e-16,TRUE,""
"exhibits","tab5_r",28,1.4210854715202e-14,1.36886333527930e-16,TRUE,""
"exhibits","top4taxes_r__panel",396,2.91038304567337e-11,1.64572723974545e-16,TRUE,""
"exhibits","top4taxes_r__averages",34,5.82076609134674e-11,1.86384585695628e-16,TRUE,""
