output_id,version,value,unit,printed_value,printed_page,abs_diff
pareto_alpha,both,1.4378948349646474,coefficient,1.44,15,0.0021051650353525186
income_tax_mc_k212,both,5.757021279871857,$B,5.76,17,0.002978720128142598
income_tax_mc_k300,both,4.611105287039629,$B,4.61,17,0.001105287039628422
income_tax_mc_k500,both,3.3103846494775837,$B,3.31,17,0.000384649477583654
revenue_baseline,both,94.30426205947697,$B,94.2,10,0.10426205947696587
revenue_confirmed6,both,67.51064968947703,$B,67.51,11,0.0006496894770293693
revenue_expanded10,both,55.09635281983404,$B,55.1,13,0.003647180165962993
revenue_literature_calibrated,ssrn,45.5928,$B,45.59,14,0.0027999999999934744
table9_central_npv_r015,ssrn,-126.08917197452229,$B,-126.1,19,0.010828025477707115
npv_mc_ssrn_mean,ssrn,-24.908355195818878,$B,-24.7,20,0.2083551958188785
npv_mc_ssrn_median,ssrn,-19.250849462581925,$B,-19.1,20,0.1508494625819239
npv_mc_ssrn_sd,ssrn,38.60714965016942,$B,38.4,20,0.20714965016941989
npv_mc_ssrn_pct_negative,ssrn,71.107,%,71,20,0.10699999999999932
nber_domestic_grown,nber,100.90556040366506,$B,100.9,,0.005560403665057834
nber_ceiling,nber,72.05146171776506,$B,72.06,,0.008538282234937355
nber_international,nber,146.3,$B,146.3,,0.0
npv_mc_nber_mean,nber,-39.1369672721643,$B,-38.9,,0.2369672721642999
npv_mc_nber_median,nber,-35.51373031646016,$B,-35.3,,0.21373031646016472
npv_mc_nber_pct_negative,nber,85.311,%,85.2,,0.1110000000000042
