file,side,provider,obtained_via,date_obtained,url_or_contact,sha256,terms,feeds,status
original-materials/BSZ_MainTablesFigures.xlsx,bsz,"Boll Saez Zucman (via Saez lab, UC Berkeley)",public-download,2026-09-22,https://eml.berkeley.edu/~saez/BSZ_MainTablesFigures.xlsx,c236cc9413374402973d61bfdfc02b7e573b05ad9c2f0658ee6b66ad898cb6ce,do-not-redistribute,xlsx_path_default() default (BSZ_VINTAGE=august); feeds all 16 Excel extractor tar_targets,available
original-materials/BSZ26CAbillionaires.pdf,bsz,NBER (Boll Saez Zucman),public-download,2026-09-22,https://www.nber.org/papers/w35218,ee1f2ea5a06c78ae0b9c3fbc6cc628f060ba7ee2c0f3363776b457c38d789fd9,do-not-redistribute,"reference only (quoting in report.qmd, README); not read by any tar_target",available
original-materials/may-2026/BSZ_MainTablesFigures.xlsx,bsz,"Boll Saez Zucman (via Saez lab, UC Berkeley)",public-download,2026-05-26,https://eml.berkeley.edu/~saez/BSZ_MainTablesFigures.xlsx,cffe04bd950fc63350ce4f084b9d6cdf9bc1e5a8ab6b80ca0ccebb4f796b7b1a,do-not-redistribute,xlsx_path_default() when BSZ_VINTAGE=may; feeds all 16 Excel extractor tar_targets (baseline vintage the pipeline was originally built and tested against),available
original-materials/may-2026/BSZ26CAbillionaires.pdf,bsz,NBER (Boll Saez Zucman),public-download,2026-05-26,https://www.nber.org/papers/w35218,cd8588edf529502560af81b18ba64663c5baa3539b804e3ed6d49eb3f4c50ffa,do-not-redistribute,reference only; not read by any tar_target,available
original-materials/additional-documentation/galle-gamage-saez-shanskeCAbillionairetaxJuly26.pdf,bsz,"Galle, Gamage, Saez, Shanske",public-download,2026-09-22,not recorded (source URL unknown; obtained directly by user),91d124417e5df658f7d649f34532d61d5379cccc9e4abe002534902738e4f5f8,do-not-redistribute,reference only; not read by the pipeline,available
original-materials/additional-documentation/galle-gamage-saez-shanskeCBTAcontrollingshares.pdf,bsz,"Galle, Gamage, Saez, Shanske",public-download,2026-09-22,not recorded (source URL unknown; obtained directly by user),22d7f330ed06e97306a6f6f42866415e431a9207f979c4b2031be06305b5b8b6,do-not-redistribute,reference only; not read by the pipeline,available
original-materials/additional-documentation/galle-gamage-shanskeCBTAlegal.pdf,bsz,"Galle, Gamage, Shanske",public-download,2026-09-22,not recorded (source URL unknown; obtained directly by user),ac75de294f934ba386debd383f5fbf4cbd857ddea48f9c211a355ac9043d4d6b,do-not-redistribute,reference only; not read by the pipeline,available
original-materials/additional-documentation/GGS26props41-42.pdf,bsz,"Galle, Gamage, Shanske",public-download,2026-09-22,not recorded (source URL unknown; obtained directly by user),97364601fbc3b27ff0cdccb0054b1a6af2e2cf676214cf30a600048452a8629d,do-not-redistribute,reference only; not read by the pipeline,available
original-materials/additional-documentation/responsetorauh26.pdf,bsz,"Galle, Gamage, Saez, Shanske (response to Rauh et al.)",public-download,2026-09-22,not recorded (source URL unknown; obtained directly by user),c58b25e3540dc37c808162d23225067964d88dfa1e56d2e3975119327be7a1ed,do-not-redistribute,reference only; not read by the pipeline,available
original-materials/additional-documentation/saez-tpe26-presentation.pdf,bsz,Saez,public-download,2026-09-22,not recorded (source URL unknown; obtained directly by user),38c5cfd224210e4374a0d8827321102790ec23c435c03fd96489bc8e8ac32eba,do-not-redistribute,reference only; not read by the pipeline,available
original-materials/author-shared/2026-09-23_bsz-replication-code-data/,bsz,"Boll, Saez, Zucman (author-shared)",author-shared,2026-09-23,author-shared,15dc5f6c3db57248fd1145aee91a4ba1b89c10ec1ab1ed9c51b5df4e335a7991,confidential: use for re-analysis permitted; no public sharing,"August vintage despite being described as May: Forms4/01_code/analysis/02_main_all.R is dated 2026-09-14 (after the May 2026 vintage) and the bundle includes a pitchbook/ venture-monitor folder feeding data_venturemonitor_annual/quarterly sheets; those sheets plus Fig9 and 2023-b-1__adjusted_gross_income exist in the August workbook (original-materials/BSZ_MainTablesFigures.xlsx, 40 sheets) but not the May workbook (original-materials/may-2026/BSZ_MainTablesFigures.xlsx, 36 sheets), confirmed by listing both with openpyxl. Not yet wired into any tar_target; authors pipeline not run.",available
